date,city,precipitation,day_of_year,month,any_precipitation
2018-01-01,BUR,0.0,1,1,False
2018-01-02,BUR,0.0,2,1,False
2018-01-03,BUR,0.0,3,1,False
2018-01-04,BUR,0.15,4,1,True
2018-01-05,BUR,0.09,5,1,True
2018-01-06,BUR,0.02,6,1,True
2018-01-07,BUR,0.02,7,1,True
2018-01-08,BUR,0.01,8,1,True
2018-01-09,BUR,0.07,9,1,True
2018-01-10,BUR,0.0,10,1,False
2018-01-11,BUR,0.0,11,1,False
2018-01-12,BUR,1.07,12,1,True
2018-01-13,BUR,0.52,13,1,True
2018-01-14,BUR,0.0,14,1,False
2018-01-15,BUR,0.0,15,1,False
2018-01-16,BUR,0.09,16,1,True
2018-01-17,BUR,0.0,17,1,False
2018-01-18,BUR,0.0,18,1,False
2018-01-19,BUR,0.0,19,1,False
2018-01-20,BUR,0.0,20,1,False
2018-01-21,BUR,0.0,21,1,False
2018-01-22,BUR,0.14,22,1,True
2018-01-23,BUR,0.33,23,1,True
2018-01-24,BUR,0.03,24,1,True
2018-01-25,BUR,0.0,25,1,False
2018-01-26,BUR,0.0,26,1,False
2018-01-27,BUR,0.0,27,1,False
2018-01-28,BUR,0.0,28,1,False
2018-01-29,BUR,0.0,29,1,False
2018-01-30,BUR,0.0,30,1,False
2018-01-31,BUR,0.0,31,1,False
2018-02-01,BUR,0.02,32,2,True
2018-02-02,BUR,0.05,33,2,True
2018-02-03,BUR,0.0,34,2,False
2018-02-04,BUR,0.13,35,2,True
2018-02-05,BUR,0.03,36,2,True
2018-02-06,BUR,0.0,37,2,False
2018-02-07,BUR,0.47,38,2,True
2018-02-08,BUR,0.0,39,2,False
2018-02-09,BUR,0.01,40,2,True
2018-02-10,BUR,0.12,41,2,True
2018-02-11,BUR,0.02,42,2,True
2018-02-12,BUR,0.0,43,2,False
2018-02-13,BUR,0.0,44,2,False
2018-02-14,BUR,0.0,45,2,False
2018-02-15,BUR,0.0,46,2,False
2018-02-16,BUR,0.07,47,2,True
2018-02-17,BUR,0.0,48,2,False
2018-02-18,BUR,0.06,49,2,True
2018-02-19,BUR,0.01,50,2,True
2018-02-20,BUR,0.13,51,2,True
2018-02-21,BUR,0.0,52,2,False
2018-02-22,BUR,0.0,53,2,False
2018-02-23,BUR,0.04,54,2,True
2018-02-24,BUR,0.01,55,2,True
2018-02-25,BUR,0.23,56,2,True
2018-02-26,BUR,0.0,57,2,False
2018-02-27,BUR,0.0,58,2,False
2018-02-28,BUR,0.0,59,2,False
2018-03-01,BUR,0.03,60,3,True
2018-03-02,BUR,0.11,61,3,True
2018-03-03,BUR,0.0,62,3,False
2018-03-04,BUR,0.1,63,3,True
2018-03-05,BUR,0.03,64,3,True
2018-03-06,BUR,0.0,65,3,False
2018-03-07,BUR,0.09,66,3,True
2018-03-08,BUR,0.36,67,3,True
2018-03-09,BUR,0.09,68,3,True
2018-03-10,BUR,0.02,69,3,True
2018-03-11,BUR,0.01,70,3,True
2018-03-12,BUR,0.0,71,3,False
2018-03-13,BUR,0.36,72,3,True
2018-03-14,BUR,0.75,73,3,True
2018-03-15,BUR,0.08,74,3,True
2018-03-16,BUR,0.0,75,3,False
2018-03-17,BUR,0.0,76,3,False
2018-03-18,BUR,0.0,77,3,False
2018-03-19,BUR,0.0,78,3,False
2018-03-20,BUR,0.0,79,3,False
2018-03-21,BUR,0.0,80,3,False
2018-03-22,BUR,0.0,81,3,False
2018-03-23,BUR,0.0,82,3,False
2018-03-24,BUR,0.0,83,3,False
2018-03-25,BUR,0.0,84,3,False
2018-03-26,BUR,0.0,85,3,False
2018-03-27,BUR,0.03,86,3,True
2018-03-28,BUR,0.05,87,3,True
2018-03-29,BUR,0.37,88,3,True
2018-03-30,BUR,0.15,89,3,True
2018-03-31,BUR,0.0,90,3,False
2018-04-01,BUR,0.0,91,4,False
2018-04-02,BUR,0.0,92,4,False
2018-04-03,BUR,0.08,93,4,True
2018-04-04,BUR,0.3,94,4,True
2018-04-05,BUR,0.0,95,4,False
2018-04-06,BUR,0.12,96,4,True
2018-04-07,BUR,0.0,97,4,False
2018-04-08,BUR,0.03,98,4,True
2018-04-09,BUR,0.0,99,4,False
2018-04-10,BUR,0.0,100,4,False
2018-04-11,BUR,0.0,101,4,False
2018-04-12,BUR,0.26,102,4,True
2018-04-13,BUR,0.53,103,4,True
2018-04-14,BUR,0.38,104,4,True
2018-04-15,BUR,0.32,105,4,True
2018-04-16,BUR,0.51,106,4,True
2018-04-17,BUR,0.11,107,4,True
2018-04-18,BUR,0.01,108,4,True
2018-04-19,BUR,0.02,109,4,True
2018-04-20,BUR,0.07,110,4,True
2018-04-21,BUR,0.0,111,4,False
2018-04-22,BUR,0.0,112,4,False
2018-04-23,BUR,0.0,113,4,False
2018-04-24,BUR,0.0,114,4,False
2018-04-25,BUR,0.58,115,4,True
2018-04-26,BUR,0.44,116,4,True
2018-04-27,BUR,0.09,117,4,True
2018-04-28,BUR,0.07,118,4,True
2018-04-29,BUR,0.69,119,4,True
2018-04-30,BUR,0.23,120,4,True
2018-05-01,BUR,0.01,121,5,True
2018-05-02,BUR,0.0,122,5,False
2018-05-03,BUR,0.03,123,5,True
2018-05-04,BUR,0.25,124,5,True
2018-05-05,BUR,0.0,125,5,False
2018-05-06,BUR,0.0,126,5,False
2018-05-07,BUR,0.0,127,5,False
2018-05-08,BUR,0.0,128,5,False
2018-05-09,BUR,0.0,129,5,False
2018-05-10,BUR,0.0,130,5,False
2018-05-11,BUR,0.0,131,5,False
2018-05-12,BUR,0.0,132,5,False
2018-05-13,BUR,0.0,133,5,False
2018-05-14,BUR,0.0,134,5,False
2018-05-15,BUR,0.61,135,5,True
2018-05-16,BUR,0.0,136,5,False
2018-05-17,BUR,0.0,137,5,False
2018-05-18,BUR,0.0,138,5,False
2018-05-19,BUR,0.2,139,5,True
2018-05-20,BUR,0.19,140,5,True
2018-05-21,BUR,0.0,141,5,False
2018-05-22,BUR,0.48,142,5,True
2018-05-23,BUR,0.0,143,5,False
2018-05-24,BUR,0.0,144,5,False
2018-05-25,BUR,0.07,145,5,True
2018-05-26,BUR,0.07,146,5,True
2018-05-27,BUR,0.0,147,5,False
2018-05-28,BUR,0.0,148,5,False
2018-05-29,BUR,0.06,149,5,True
2018-05-30,BUR,0.0,150,5,False
2018-05-31,BUR,0.0,151,5,False
2018-06-01,BUR,0.17,152,6,True
2018-06-02,BUR,0.0,153,6,False
2018-06-03,BUR,0.0,154,6,False
2018-06-04,BUR,0.39,155,6,True
2018-06-05,BUR,0.02,156,6,True
2018-06-06,BUR,0.0,157,6,False
2018-06-07,BUR,0.0,158,6,False
2018-06-08,BUR,0.0,159,6,False
2018-06-09,BUR,0.0,160,6,False
2018-06-10,BUR,0.0,161,6,False
2018-06-11,BUR,0.0,162,6,False
2018-06-12,BUR,0.0,163,6,False
2018-06-13,BUR,0.09,164,6,True
2018-06-14,BUR,0.07,165,6,True
2018-06-15,BUR,0.06,166,6,True
2018-06-16,BUR,0.0,167,6,False
2018-06-17,BUR,0.0,168,6,False
2018-06-18,BUR,2.29,169,6,True
2018-06-19,BUR,0.0,170,6,False
2018-06-20,BUR,0.0,171,6,False
2018-06-21,BUR,0.0,172,6,False
2018-06-22,BUR,0.0,173,6,False
2018-06-23,BUR,0.0,174,6,False
2018-06-24,BUR,0.08,175,6,True
2018-06-25,BUR,0.03,176,6,True
2018-06-26,BUR,0.0,177,6,False
2018-06-27,BUR,0.21,178,6,True
2018-06-28,BUR,0.69,179,6,True
2018-06-29,BUR,0.0,180,6,False
2018-06-30,BUR,0.0,181,6,False
2018-07-01,BUR,0.0,182,7,False
2018-07-02,BUR,0.04,183,7,True
2018-07-03,BUR,0.0,184,7,False
2018-07-04,BUR,0.0,185,7,False
2018-07-05,BUR,0.0,186,7,False
2018-07-06,BUR,0.35,187,7,True
2018-07-07,BUR,0.0,188,7,False
2018-07-08,BUR,0.0,189,7,False
2018-07-09,BUR,0.0,190,7,False
2018-07-10,BUR,0.42,191,7,True
2018-07-11,BUR,0.0,192,7,False
2018-07-12,BUR,0.0,193,7,False
2018-07-13,BUR,0.0,194,7,False
2018-07-14,BUR,0.06,195,7,True
2018-07-15,BUR,0.0,196,7,False
2018-07-16,BUR,0.0,197,7,False
2018-07-17,BUR,0.01,198,7,True
2018-07-18,BUR,0.0,199,7,False
2018-07-19,BUR,0.0,200,7,False
2018-07-20,BUR,0.0,201,7,False
2018-07-21,BUR,0.0,202,7,False
2018-07-22,BUR,0.04,203,7,True
2018-07-23,BUR,0.13,204,7,True
2018-07-24,BUR,0.0,205,7,False
2018-07-25,BUR,0.88,206,7,True
2018-07-26,BUR,0.32,207,7,True
2018-07-27,BUR,0.05,208,7,True
2018-07-28,BUR,0.21,209,7,True
2018-07-29,BUR,0.0,210,7,False
2018-07-30,BUR,0.0,211,7,False
2018-07-31,BUR,0.01,212,7,True
2018-08-01,BUR,0.0,213,8,False
2018-08-02,BUR,0.03,214,8,True
2018-08-03,BUR,0.01,215,8,True
2018-08-04,BUR,0.13,216,8,True
2018-08-05,BUR,0.0,217,8,False
2018-08-06,BUR,0.0,218,8,False
2018-08-07,BUR,0.69,219,8,True
2018-08-08,BUR,0.0,220,8,False
2018-08-09,BUR,0.01,221,8,True
2018-08-10,BUR,0.01,222,8,True
2018-08-11,BUR,0.0,223,8,False
2018-08-12,BUR,0.0,224,8,False
2018-08-13,BUR,0.0,225,8,False
2018-08-14,BUR,0.07,226,8,True
2018-08-15,BUR,0.3,227,8,True
2018-08-16,BUR,0.19,228,8,True
2018-08-17,BUR,0.45,229,8,True
2018-08-18,BUR,0.22,230,8,True
2018-08-19,BUR,0.0,231,8,False
2018-08-20,BUR,0.0,232,8,False
2018-08-21,BUR,0.0,233,8,False
2018-08-22,BUR,0.0,234,8,False
2018-08-23,BUR,0.0,235,8,False
2018-08-24,BUR,0.0,236,8,False
2018-08-25,BUR,0.0,237,8,False
2018-08-26,BUR,0.03,238,8,True
2018-08-27,BUR,0.0,239,8,False
2018-08-28,BUR,0.15,240,8,True
2018-08-29,BUR,0.02,241,8,True
2018-08-30,BUR,0.23,242,8,True
2018-08-31,BUR,0.0,243,8,False
2018-09-01,BUR,0.0,244,9,False
2018-09-02,BUR,0.0,245,9,False
2018-09-03,BUR,0.24,246,9,True
2018-09-04,BUR,0.0,247,9,False
2018-09-05,BUR,0.0,248,9,False
2018-09-06,BUR,0.52,249,9,True
2018-09-07,BUR,0.0,250,9,False
2018-09-08,BUR,0.0,251,9,False
2018-09-09,BUR,0.0,252,9,False
2018-09-10,BUR,0.32,253,9,True
2018-09-11,BUR,0.67,254,9,True
2018-09-12,BUR,0.0,255,9,False
2018-09-13,BUR,0.0,256,9,False
2018-09-14,BUR,0.0,257,9,False
2018-09-15,BUR,0.0,258,9,False
2018-09-16,BUR,0.0,259,9,False
2018-09-17,BUR,0.0,260,9,False
2018-09-18,BUR,0.0,261,9,False
2018-09-19,BUR,0.0,262,9,False
2018-09-20,BUR,0.0,263,9,False
2018-09-21,BUR,0.92,264,9,True
2018-09-22,BUR,0.01,265,9,True
2018-09-23,BUR,0.0,266,9,False
2018-09-24,BUR,0.0,267,9,False
2018-09-25,BUR,0.33,268,9,True
2018-09-26,BUR,0.95,269,9,True
2018-09-27,BUR,0.0,270,9,False
2018-09-28,BUR,0.24,271,9,True
2018-09-29,BUR,0.0,272,9,False
2018-09-30,BUR,0.0,273,9,False
2018-10-01,BUR,0.33,274,10,True
2018-10-02,BUR,0.89,275,10,True
2018-10-03,BUR,0.1,276,10,True
2018-10-04,BUR,0.0,277,10,False
2018-10-05,BUR,0.0,278,10,False
2018-10-06,BUR,0.0,279,10,False
2018-10-07,BUR,0.15,280,10,True
2018-10-08,BUR,0.0,281,10,False
2018-10-09,BUR,0.0,282,10,False
2018-10-10,BUR,0.0,283,10,False
2018-10-11,BUR,1.46,284,10,True
2018-10-12,BUR,0.0,285,10,False
2018-10-13,BUR,0.0,286,10,False
2018-10-14,BUR,0.0,287,10,False
2018-10-15,BUR,0.12,288,10,True
2018-10-16,BUR,0.0,289,10,False
2018-10-17,BUR,0.13,290,10,True
2018-10-18,BUR,0.0,291,10,False
2018-10-19,BUR,0.0,292,10,False
2018-10-20,BUR,0.0,293,10,False
2018-10-21,BUR,0.0,294,10,False
2018-10-22,BUR,0.0,295,10,False
2018-10-23,BUR,0.12,296,10,True
2018-10-24,BUR,0.18,297,10,True
2018-10-25,BUR,0.0,298,10,False
2018-10-26,BUR,0.0,299,10,False
2018-10-27,BUR,0.5,300,10,True
2018-10-28,BUR,0.07,301,10,True
2018-10-29,BUR,0.15,302,10,True
2018-10-30,BUR,0.0,303,10,False
2018-10-31,BUR,0.02,304,10,True
2018-11-01,BUR,0.61,305,11,True
2018-11-02,BUR,0.39,306,11,True
2018-11-03,BUR,1.05,307,11,True
2018-11-04,BUR,0.0,308,11,False
2018-11-05,BUR,0.02,309,11,True
2018-11-06,BUR,0.29,310,11,True
2018-11-07,BUR,0.0,311,11,False
2018-11-08,BUR,0.0,312,11,False
2018-11-09,BUR,0.28,313,11,True
2018-11-10,BUR,0.21,314,11,True
2018-11-11,BUR,0.0,315,11,False
2018-11-12,BUR,0.0,316,11,False
2018-11-13,BUR,0.46,317,11,True
2018-11-14,BUR,0.0,318,11,False
2018-11-15,BUR,0.0,319,11,False
2018-11-16,BUR,0.62,320,11,True
2018-11-17,BUR,0.09,321,11,True
2018-11-18,BUR,0.0,322,11,False
2018-11-19,BUR,0.0,323,11,False
2018-11-20,BUR,0.08,324,11,True
2018-11-21,BUR,0.02,325,11,True
2018-11-22,BUR,0.0,326,11,False
2018-11-23,BUR,0.0,327,11,False
2018-11-24,BUR,0.0,328,11,False
2018-11-25,BUR,0.25,329,11,True
2018-11-26,BUR,0.04,330,11,True
2018-11-27,BUR,0.66,331,11,True
2018-11-28,BUR,0.39,332,11,True
2018-11-29,BUR,0.02,333,11,True
2018-11-30,BUR,0.0,334,11,False
2018-12-01,BUR,0.0,335,12,False
2018-12-02,BUR,0.3,336,12,True
2018-12-03,BUR,0.26,337,12,True
2018-12-04,BUR,0.0,338,12,False
2018-12-05,BUR,0.01,339,12,True
2018-12-06,BUR,0.02,340,12,True
2018-12-07,BUR,0.08,341,12,True
2018-12-08,BUR,0.0,342,12,False
2018-12-09,BUR,0.0,343,12,False
2018-12-10,BUR,0.0,344,12,False
2018-12-11,BUR,0.01,345,12,True
2018-12-12,BUR,0.01,346,12,True
2018-12-13,BUR,0.0,347,12,False
2018-12-14,BUR,0.02,348,12,True
2018-12-15,BUR,0.0,349,12,False
2018-12-16,BUR,0.0,350,12,False
2018-12-17,BUR,0.0,351,12,False
2018-12-18,BUR,0.0,352,12,False
2018-12-19,BUR,0.0,353,12,False
2018-12-20,BUR,0.11,354,12,True
2018-12-21,BUR,0.83,355,12,True
2018-12-22,BUR,0.38,356,12,True
2018-12-23,BUR,0.0,357,12,False
2018-12-24,BUR,0.08,358,12,True
2018-12-25,BUR,0.0,359,12,False
2018-12-26,BUR,0.02,360,12,True
2018-12-27,BUR,0.0,361,12,False
2018-12-28,BUR,0.38,362,12,True
2018-12-29,BUR,0.05,363,12,True
2018-12-30,BUR,0.0,364,12,False
2018-12-31,BUR,0.27,365,12,True
2019-01-01,BUR,0.14,1,1,True
2019-01-02,BUR,0.0,2,1,False
2019-01-03,BUR,0.07,3,1,True
2019-01-04,BUR,0.0,4,1,False
2019-01-05,BUR,0.0,5,1,False
2019-01-06,BUR,0.07,6,1,True
2019-01-07,BUR,0.0,7,1,False
2019-01-08,BUR,0.26,8,1,True
2019-01-09,BUR,0.37,9,1,True
2019-01-10,BUR,0.01,10,1,True
2019-01-11,BUR,0.0,11,1,False
2019-01-12,BUR,0.0,12,1,False
2019-01-13,BUR,0.0,13,1,False
2019-01-14,BUR,0.0,14,1,False
2019-01-15,BUR,0.0,15,1,False
2019-01-16,BUR,0.01,16,1,True
2019-01-17,BUR,0.0,17,1,False
2019-01-18,BUR,0.02,18,1,True
2019-01-19,BUR,0.17,19,1,True
2019-01-20,BUR,0.5,20,1,True
2019-01-21,BUR,0.15,21,1,True
2019-01-22,BUR,0.0,22,1,False
2019-01-23,BUR,0.03,23,1,True
2019-01-24,BUR,1.02,24,1,True
2019-01-25,BUR,0.02,25,1,True
2019-01-26,BUR,0.01,26,1,True
2019-01-27,BUR,0.15,27,1,True
2019-01-28,BUR,0.0,28,1,False
2019-01-29,BUR,0.14,29,1,True
2019-01-30,BUR,0.15,30,1,True
2019-01-31,BUR,0.0,31,1,False
2019-02-01,BUR,0.0,32,2,False
2019-02-02,BUR,0.09,33,2,True
2019-02-03,BUR,0.11,34,2,True
2019-02-04,BUR,0.01,35,2,True
2019-02-05,BUR,0.06,36,2,True
2019-02-06,BUR,0.34,37,2,True
2019-02-07,BUR,0.07,38,2,True
2019-02-08,BUR,0.0,39,2,False
2019-02-09,BUR,0.0,40,2,False
2019-02-10,BUR,0.0,41,2,False
2019-02-11,BUR,0.0,42,2,False
2019-02-12,BUR,0.51,43,2,True
2019-02-13,BUR,0.35,44,2,True
2019-02-14,BUR,0.0,45,2,False
2019-02-15,BUR,0.12,46,2,True
2019-02-16,BUR,0.0,47,2,False
2019-02-17,BUR,0.0,48,2,False
2019-02-18,BUR,0.11,49,2,True
2019-02-19,BUR,0.0,50,2,False
2019-02-20,BUR,0.02,51,2,True
2019-02-21,BUR,0.14,52,2,True
2019-02-22,BUR,0.0,53,2,False
2019-02-23,BUR,0.0,54,2,False
2019-02-24,BUR,0.36,55,2,True
2019-02-25,BUR,0.0,56,2,False
2019-02-26,BUR,0.0,57,2,False
2019-02-27,BUR,0.03,58,2,True
2019-02-28,BUR,0.02,59,2,True
2019-03-01,BUR,0.0,60,3,False
2019-03-02,BUR,0.0,61,3,False
2019-03-03,BUR,0.04,62,3,True
2019-03-04,BUR,0.06,63,3,True
2019-03-05,BUR,0.0,64,3,False
2019-03-06,BUR,0.01,65,3,True
2019-03-07,BUR,0.0,66,3,False
2019-03-08,BUR,0.0,67,3,False
2019-03-09,BUR,0.0,68,3,False
2019-03-10,BUR,0.1,69,3,True
2019-03-11,BUR,0.07,70,3,True
2019-03-12,BUR,0.0,71,3,False
2019-03-13,BUR,0.32,72,3,True
2019-03-14,BUR,0.0,73,3,False
2019-03-15,BUR,0.12,74,3,True
2019-03-16,BUR,0.02,75,3,True
2019-03-17,BUR,0.0,76,3,False
2019-03-18,BUR,0.0,77,3,False
2019-03-19,BUR,0.0,78,3,False
2019-03-20,BUR,0.0,79,3,False
2019-03-21,BUR,0.05,80,3,True
2019-03-22,BUR,1.07,81,3,True
2019-03-23,BUR,0.12,82,3,True
2019-03-24,BUR,0.03,83,3,True
2019-03-25,BUR,0.0,84,3,False
2019-03-26,BUR,0.0,85,3,False
2019-03-27,BUR,0.0,86,3,False
2019-03-28,BUR,0.0,87,3,False
2019-03-29,BUR,0.0,88,3,False
2019-03-30,BUR,0.0,89,3,False
2019-03-31,BUR,0.3,90,3,True
2019-04-01,BUR,0.0,91,4,False
2019-04-02,BUR,0.0,92,4,False
2019-04-03,BUR,0.0,93,4,False
2019-04-04,BUR,0.0,94,4,False
2019-04-05,BUR,0.1,95,4,True
2019-04-06,BUR,0.0,96,4,False
2019-04-07,BUR,0.07,97,4,True
2019-04-08,BUR,0.2,98,4,True
2019-04-09,BUR,0.21,99,4,True
2019-04-10,BUR,0.01,100,4,True
2019-04-11,BUR,0.0,101,4,False
2019-04-12,BUR,0.09,102,4,True
2019-04-13,BUR,0.02,103,4,True
2019-04-14,BUR,0.24,104,4,True
2019-04-15,BUR,0.3,105,4,True
2019-04-16,BUR,0.0,106,4,False
2019-04-17,BUR,0.0,107,4,False
2019-04-18,BUR,0.0,108,4,False
2019-04-19,BUR,0.33,109,4,True
2019-04-20,BUR,0.74,110,4,True
2019-04-21,BUR,0.0,111,4,False
2019-04-22,BUR,0.0,112,4,False
2019-04-23,BUR,0.21,113,4,True
2019-04-24,BUR,0.06,114,4,True
2019-04-25,BUR,0.0,115,4,False
2019-04-26,BUR,0.33,116,4,True
2019-04-27,BUR,0.62,117,4,True
2019-04-28,BUR,0.0,118,4,False
2019-04-29,BUR,0.0,119,4,False
2019-04-30,BUR,0.0,120,4,False
2019-05-01,BUR,0.16,121,5,True
2019-05-02,BUR,0.07,122,5,True
2019-05-03,BUR,0.29,123,5,True
2019-05-04,BUR,0.01,124,5,True
2019-05-05,BUR,0.0,125,5,False
2019-05-06,BUR,0.0,126,5,False
2019-05-07,BUR,0.3,127,5,True
2019-05-08,BUR,0.0,128,5,False
2019-05-09,BUR,0.0,129,5,False
2019-05-10,BUR,1.26,130,5,True
2019-05-11,BUR,0.01,131,5,True
2019-05-12,BUR,0.0,132,5,False
2019-05-13,BUR,0.21,133,5,True
2019-05-14,BUR,0.18,134,5,True
2019-05-15,BUR,0.0,135,5,False
2019-05-16,BUR,0.0,136,5,False
2019-05-17,BUR,0.17,137,5,True
2019-05-18,BUR,0.0,138,5,False
2019-05-19,BUR,0.68,139,5,True
2019-05-20,BUR,0.15,140,5,True
2019-05-21,BUR,0.01,141,5,True
2019-05-22,BUR,0.0,142,5,False
2019-05-23,BUR,0.08,143,5,True
2019-05-24,BUR,0.06,144,5,True
2019-05-25,BUR,0.92,145,5,True
2019-05-26,BUR,0.08,146,5,True
2019-05-27,BUR,0.0,147,5,False
2019-05-28,BUR,0.49,148,5,True
2019-05-29,BUR,0.0,149,5,False
2019-05-30,BUR,0.0,150,5,False
2019-05-31,BUR,0.02,151,5,True
2019-06-01,BUR,0.02,152,6,True
2019-06-02,BUR,0.57,153,6,True
2019-06-03,BUR,0.0,154,6,False
2019-06-04,BUR,0.05,155,6,True
2019-06-05,BUR,0.8,156,6,True
2019-06-06,BUR,0.1,157,6,True
2019-06-07,BUR,0.0,158,6,False
2019-06-08,BUR,0.0,159,6,False
2019-06-09,BUR,0.0,160,6,False
2019-06-10,BUR,0.04,161,6,True
2019-06-11,BUR,0.65,162,6,True
2019-06-12,BUR,0.0,163,6,False
2019-06-13,BUR,0.0,164,6,False
2019-06-14,BUR,0.09,165,6,True
2019-06-15,BUR,0.09,166,6,True
2019-06-16,BUR,0.0,167,6,False
2019-06-17,BUR,0.0,168,6,False
2019-06-18,BUR,0.0,169,6,False
2019-06-19,BUR,0.0,170,6,False
2019-06-20,BUR,1.4,171,6,True
2019-06-21,BUR,0.0,172,6,False
2019-06-22,BUR,0.0,173,6,False
2019-06-23,BUR,0.0,174,6,False
2019-06-24,BUR,0.0,175,6,False
2019-06-25,BUR,0.35,176,6,True
2019-06-26,BUR,0.17,177,6,True
2019-06-27,BUR,0.0,178,6,False
2019-06-28,BUR,0.25,179,6,True
2019-06-29,BUR,0.4,180,6,True
2019-06-30,BUR,0.01,181,6,True
2019-07-01,BUR,0.0,182,7,False
2019-07-02,BUR,0.0,183,7,False
2019-07-03,BUR,0.0,184,7,False
2019-07-04,BUR,0.0,185,7,False
2019-07-05,BUR,0.0,186,7,False
2019-07-06,BUR,0.14,187,7,True
2019-07-07,BUR,0.0,188,7,False
2019-07-08,BUR,0.0,189,7,False
2019-07-09,BUR,0.0,190,7,False
2019-07-10,BUR,0.0,191,7,False
2019-07-11,BUR,0.65,192,7,True
2019-07-12,BUR,0.28,193,7,True
2019-07-13,BUR,0.04,194,7,True
2019-07-14,BUR,0.0,195,7,False
2019-07-15,BUR,0.0,196,7,False
2019-07-16,BUR,0.0,197,7,False
2019-07-17,BUR,0.34,198,7,True
2019-07-18,BUR,0.0,199,7,False
2019-07-19,BUR,0.0,200,7,False
2019-07-20,BUR,0.0,201,7,False
2019-07-21,BUR,0.07,202,7,True
2019-07-22,BUR,0.01,203,7,True
2019-07-23,BUR,0.0,204,7,False
2019-07-24,BUR,0.0,205,7,False
2019-07-25,BUR,0.0,206,7,False
2019-07-26,BUR,0.0,207,7,False
2019-07-27,BUR,0.0,208,7,False
2019-07-28,BUR,0.32,209,7,True
2019-07-29,BUR,0.0,210,7,False
2019-07-30,BUR,0.0,211,7,False
2019-07-31,BUR,0.06,212,7,True
2019-08-01,BUR,0.0,213,8,False
2019-08-02,BUR,0.0,214,8,False
2019-08-03,BUR,0.0,215,8,False
2019-08-04,BUR,0.0,216,8,False
2019-08-05,BUR,0.0,217,8,False
2019-08-06,BUR,0.03,218,8,True
2019-08-07,BUR,1.0,219,8,True
2019-08-08,BUR,0.27,220,8,True
2019-08-09,BUR,0.04,221,8,True
2019-08-10,BUR,0.06,222,8,True
2019-08-11,BUR,0.0,223,8,False
2019-08-12,BUR,0.0,224,8,False
2019-08-13,BUR,0.0,225,8,False
2019-08-14,BUR,0.0,226,8,False
2019-08-15,BUR,0.0,227,8,False
2019-08-16,BUR,0.01,228,8,True
2019-08-17,BUR,0.23,229,8,True
2019-08-18,BUR,0.0,230,8,False
2019-08-19,BUR,0.07,231,8,True
2019-08-20,BUR,0.0,232,8,False
2019-08-21,BUR,0.72,233,8,True
2019-08-22,BUR,0.0,234,8,False
2019-08-23,BUR,0.0,235,8,False
2019-08-24,BUR,0.0,236,8,False
2019-08-25,BUR,0.0,237,8,False
2019-08-26,BUR,0.0,238,8,False
2019-08-27,BUR,0.0,239,8,False
2019-08-28,BUR,0.34,240,8,True
2019-08-29,BUR,0.0,241,8,False
2019-08-30,BUR,0.0,242,8,False
2019-08-31,BUR,0.0,243,8,False
2019-09-01,BUR,0.1,244,9,True
2019-09-02,BUR,1.16,245,9,True
2019-09-03,BUR,0.03,246,9,True
2019-09-04,BUR,0.19,247,9,True
2019-09-05,BUR,0.0,248,9,False
2019-09-06,BUR,0.0,249,9,False
2019-09-07,BUR,0.69,250,9,True
2019-09-08,BUR,0.0,251,9,False
2019-09-09,BUR,0.0,252,9,False
2019-09-10,BUR,0.03,253,9,True
2019-09-11,BUR,0.03,254,9,True
2019-09-12,BUR,0.0,255,9,False
2019-09-13,BUR,0.0,256,9,False
2019-09-14,BUR,0.0,257,9,False
2019-09-15,BUR,0.0,258,9,False
2019-09-16,BUR,0.0,259,9,False
2019-09-17,BUR,0.0,260,9,False
2019-09-18,BUR,0.0,261,9,False
2019-09-19,BUR,0.0,262,9,False
2019-09-20,BUR,0.0,263,9,False
2019-09-21,BUR,0.0,264,9,False
2019-09-22,BUR,0.0,265,9,False
2019-09-23,BUR,0.9,266,9,True
2019-09-24,BUR,0.12,267,9,True
2019-09-25,BUR,0.0,268,9,False
2019-09-26,BUR,0.44,269,9,True
2019-09-27,BUR,0.0,270,9,False
2019-09-28,BUR,0.02,271,9,True
2019-09-29,BUR,0.0,272,9,False
2019-09-30,BUR,0.0,273,9,False
2019-10-01,BUR,0.76,274,10,True
2019-10-02,BUR,0.04,275,10,True
2019-10-03,BUR,0.02,276,10,True
2019-10-04,BUR,0.03,277,10,True
2019-10-05,BUR,0.0,278,10,False
2019-10-06,BUR,0.0,279,10,False
2019-10-07,BUR,1.24,280,10,True
2019-10-08,BUR,0.0,281,10,False
2019-10-09,BUR,0.0,282,10,False
2019-10-10,BUR,0.0,283,10,False
2019-10-11,BUR,0.0,284,10,False
2019-10-12,BUR,0.0,285,10,False
2019-10-13,BUR,0.0,286,10,False
2019-10-14,BUR,0.22,287,10,True
2019-10-15,BUR,0.0,288,10,False
2019-10-16,BUR,0.21,289,10,True
2019-10-17,BUR,1.42,290,10,True
2019-10-18,BUR,0.02,291,10,True
2019-10-19,BUR,0.0,292,10,False
2019-10-20,BUR,0.0,293,10,False
2019-10-21,BUR,0.0,294,10,False
2019-10-22,BUR,0.16,295,10,True
2019-10-23,BUR,0.22,296,10,True
2019-10-24,BUR,0.0,297,10,False
2019-10-25,BUR,0.04,298,10,True
2019-10-26,BUR,0.0,299,10,False
2019-10-27,BUR,0.76,300,10,True
2019-10-28,BUR,0.06,301,10,True
2019-10-29,BUR,0.0,302,10,False
2019-10-30,BUR,0.0,303,10,False
2019-10-31,BUR,3.3,304,10,True
2019-11-01,BUR,0.64,305,11,True
2019-11-02,BUR,0.0,306,11,False
2019-11-03,BUR,0.03,307,11,True
2019-11-04,BUR,0.0,308,11,False
2019-11-05,BUR,0.03,309,11,True
2019-11-06,BUR,0.0,310,11,False
2019-11-07,BUR,0.07,311,11,True
2019-11-08,BUR,0.14,312,11,True
2019-11-09,BUR,0.0,313,11,False
2019-11-10,BUR,0.01,314,11,True
2019-11-11,BUR,0.33,315,11,True
2019-11-12,BUR,0.48,316,11,True
2019-11-13,BUR,0.0,317,11,False
2019-11-14,BUR,0.0,318,11,False
2019-11-15,BUR,0.02,319,11,True
2019-11-16,BUR,0.0,320,11,False
2019-11-17,BUR,0.0,321,11,False
2019-11-18,BUR,0.0,322,11,False
2019-11-19,BUR,0.27,323,11,True
2019-11-20,BUR,0.1,324,11,True
2019-11-21,BUR,0.09,325,11,True
2019-11-22,BUR,0.04,326,11,True
2019-11-23,BUR,0.0,327,11,False
2019-11-24,BUR,0.0,328,11,False
2019-11-25,BUR,0.0,329,11,False
2019-11-26,BUR,0.0,330,11,False
2019-11-27,BUR,0.58,331,11,True
2019-11-28,BUR,0.55,332,11,True
2019-11-29,BUR,0.0,333,11,False
2019-11-30,BUR,0.0,334,11,False
2019-12-01,BUR,0.09,335,12,True
2019-12-02,BUR,0.0,336,12,False
2019-12-03,BUR,0.0,337,12,False
2019-12-04,BUR,0.0,338,12,False
2019-12-05,BUR,0.07,339,12,True
2019-12-06,BUR,0.1,340,12,True
2019-12-07,BUR,0.0,341,12,False
2019-12-08,BUR,0.0,342,12,False
2019-12-09,BUR,0.05,343,12,True
2019-12-10,BUR,0.0,344,12,False
2019-12-11,BUR,0.01,345,12,True
2019-12-12,BUR,0.0,346,12,False
2019-12-13,BUR,0.02,347,12,True
2019-12-14,BUR,0.25,348,12,True
2019-12-15,BUR,0.03,349,12,True
2019-12-16,BUR,0.0,350,12,False
2019-12-17,BUR,0.18,351,12,True
2019-12-18,BUR,0.04,352,12,True
2019-12-19,BUR,0.0,353,12,False
2019-12-20,BUR,0.0,354,12,False
2019-12-21,BUR,0.0,355,12,False
2019-12-22,BUR,0.0,356,12,False
2019-12-23,BUR,0.0,357,12,False
2019-12-24,BUR,0.0,358,12,False
2019-12-25,BUR,0.0,359,12,False
2019-12-26,BUR,0.0,360,12,False
2019-12-27,BUR,0.08,361,12,True
2019-12-28,BUR,0.0,362,12,False
2019-12-29,BUR,0.1,363,12,True
2019-12-30,BUR,0.5,364,12,True
2019-12-31,BUR,0.07,365,12,True
2020-01-01,BUR,0.01,1,1,True
2020-01-02,BUR,0.0,2,1,False
2020-01-03,BUR,0.0,3,1,False
2020-01-04,BUR,0.2,4,1,True
2020-01-05,BUR,0.0,5,1,False
2020-01-06,BUR,0.06,6,1,True
2020-01-07,BUR,0.01,7,1,True
2020-01-08,BUR,0.04,8,1,True
2020-01-09,BUR,0.0,9,1,False
2020-01-10,BUR,0.0,10,1,False
2020-01-11,BUR,0.62,11,1,True
2020-01-12,BUR,0.35,12,1,True
2020-01-13,BUR,0.02,13,1,True
2020-01-14,BUR,0.0,14,1,False
2020-01-15,BUR,0.05,15,1,True
2020-01-16,BUR,0.36,16,1,True
2020-01-17,BUR,0.0,17,1,False
2020-01-18,BUR,0.22,18,1,True
2020-01-19,BUR,0.05,19,1,True
2020-01-20,BUR,0.0,20,1,False
2020-01-21,BUR,0.0,21,1,False
2020-01-22,BUR,0.0,22,1,False
2020-01-23,BUR,0.0,23,1,False
2020-01-24,BUR,0.0,24,1,False
2020-01-25,BUR,0.47,25,1,True
2020-01-26,BUR,0.09,26,1,True
2020-01-27,BUR,0.05,27,1,True
2020-01-28,BUR,0.01,28,1,True
2020-01-29,BUR,0.0,29,1,False
2020-01-30,BUR,0.0,30,1,False
2020-01-31,BUR,0.0,31,1,False
2020-02-01,BUR,0.0,32,2,False
2020-02-02,BUR,0.0,33,2,False
2020-02-03,BUR,0.0,34,2,False
2020-02-04,BUR,0.0,35,2,False
2020-02-05,BUR,0.0,36,2,False
2020-02-06,BUR,0.4,37,2,True
2020-02-07,BUR,0.89,38,2,True
2020-02-08,BUR,0.0,39,2,False
2020-02-09,BUR,0.0,40,2,False
2020-02-10,BUR,0.03,41,2,True
2020-02-11,BUR,0.05,42,2,True
2020-02-12,BUR,0.0,43,2,False
2020-02-13,BUR,0.15,44,2,True
2020-02-14,BUR,0.0,45,2,False
2020-02-15,BUR,0.0,46,2,False
2020-02-16,BUR,0.0,47,2,False
2020-02-17,BUR,0.01,48,2,True
2020-02-18,BUR,0.11,49,2,True
2020-02-19,BUR,0.0,50,2,False
2020-02-20,BUR,0.0,51,2,False
2020-02-21,BUR,0.0,52,2,False
2020-02-22,BUR,0.0,53,2,False
2020-02-23,BUR,0.0,54,2,False
2020-02-24,BUR,0.0,55,2,False
2020-02-25,BUR,0.04,56,2,True
2020-02-26,BUR,0.01,57,2,True
2020-02-27,BUR,0.55,58,2,True
2020-02-28,BUR,0.04,59,2,True
2020-02-29,BUR,0.02,60,2,True
2020-03-01,BUR,0.01,61,3,True
2020-03-02,BUR,0.0,62,3,False
2020-03-03,BUR,0.11,63,3,True
2020-03-04,BUR,0.0,64,3,False
2020-03-05,BUR,0.0,65,3,False
2020-03-06,BUR,0.0,66,3,False
2020-03-07,BUR,0.0,67,3,False
2020-03-08,BUR,0.0,68,3,False
2020-03-09,BUR,0.0,69,3,False
2020-03-10,BUR,0.12,70,3,True
2020-03-11,BUR,0.0,71,3,False
2020-03-12,BUR,0.0,72,3,False
2020-03-13,BUR,0.21,73,3,True
2020-03-14,BUR,0.0,74,3,False
2020-03-15,BUR,0.0,75,3,False
2020-03-16,BUR,0.0,76,3,False
2020-03-17,BUR,0.0,77,3,False
2020-03-18,BUR,0.0,78,3,False
2020-03-19,BUR,0.0,79,3,False
2020-03-20,BUR,0.14,80,3,True
2020-03-21,BUR,0.0,81,3,False
2020-03-22,BUR,0.0,82,3,False
2020-03-23,BUR,0.45,83,3,True
2020-03-24,BUR,0.0,84,3,False
2020-03-25,BUR,0.0,85,3,False
2020-03-26,BUR,0.04,86,3,True
2020-03-27,BUR,0.0,87,3,False
2020-03-28,BUR,0.0,88,3,False
2020-03-29,BUR,0.56,89,3,True
2020-03-30,BUR,0.36,90,3,True
2020-03-31,BUR,0.01,91,3,True
2020-04-01,BUR,0.0,92,4,False
2020-04-02,BUR,0.26,93,4,True
2020-04-03,BUR,0.19,94,4,True
2020-04-04,BUR,0.02,95,4,True
2020-04-05,BUR,0.01,96,4,True
2020-04-06,BUR,0.0,97,4,False
2020-04-07,BUR,0.0,98,4,False
2020-04-08,BUR,0.0,99,4,False
2020-04-09,BUR,0.39,100,4,True
2020-04-10,BUR,0.15,101,4,True
2020-04-11,BUR,0.0,102,4,False
2020-04-12,BUR,0.0,103,4,False
2020-04-13,BUR,0.24,104,4,True
2020-04-14,BUR,0.0,105,4,False
2020-04-15,BUR,0.0,106,4,False
2020-04-16,BUR,0.01,107,4,True
2020-04-17,BUR,0.0,108,4,False
2020-04-18,BUR,0.0,109,4,False
2020-04-19,BUR,0.0,110,4,False
2020-04-20,BUR,0.02,111,4,True
2020-04-21,BUR,0.05,112,4,True
2020-04-22,BUR,0.0,113,4,False
2020-04-23,BUR,0.0,114,4,False
2020-04-24,BUR,0.0,115,4,False
2020-04-25,BUR,0.0,116,4,False
2020-04-26,BUR,0.32,117,4,True
2020-04-27,BUR,0.14,118,4,True
2020-04-28,BUR,0.0,119,4,False
2020-04-29,BUR,0.0,120,4,False
2020-04-30,BUR,0.04,121,4,True
2020-05-01,BUR,0.1,122,5,True
2020-05-02,BUR,0.0,123,5,False
2020-05-03,BUR,0.02,124,5,True
2020-05-04,BUR,0.02,125,5,True
2020-05-05,BUR,0.0,126,5,False
2020-05-06,BUR,0.0,127,5,False
2020-05-07,BUR,0.03,128,5,True
2020-05-08,BUR,0.1,129,5,True
2020-05-09,BUR,0.07,130,5,True
2020-05-10,BUR,0.0,131,5,False
2020-05-11,BUR,0.64,132,5,True
2020-05-12,BUR,0.0,133,5,False
2020-05-13,BUR,0.0,134,5,False
2020-05-14,BUR,0.0,135,5,False
2020-05-15,BUR,0.58,136,5,True
2020-05-16,BUR,0.0,137,5,False
2020-05-17,BUR,0.0,138,5,False
2020-05-18,BUR,0.0,139,5,False
2020-05-19,BUR,0.0,140,5,False
2020-05-20,BUR,0.0,141,5,False
2020-05-21,BUR,0.0,142,5,False
2020-05-22,BUR,0.0,143,5,False
2020-05-23,BUR,0.0,144,5,False
2020-05-24,BUR,0.0,145,5,False
2020-05-25,BUR,0.0,146,5,False
2020-05-26,BUR,0.0,147,5,False
2020-05-27,BUR,0.0,148,5,False
2020-05-28,BUR,0.0,149,5,False
2020-05-29,BUR,0.98,150,5,True
2020-05-30,BUR,0.06,151,5,True
2020-05-31,BUR,0.01,152,5,True
2020-06-01,BUR,0.01,153,6,True
2020-06-02,BUR,0.0,154,6,False
2020-06-03,BUR,0.04,155,6,True
2020-06-04,BUR,0.01,156,6,True
2020-06-05,BUR,0.0,157,6,False
2020-06-06,BUR,0.14,158,6,True
2020-06-07,BUR,0.0,159,6,False
2020-06-08,BUR,0.0,160,6,False
2020-06-09,BUR,0.05,161,6,True
2020-06-10,BUR,0.0,162,6,False
2020-06-11,BUR,0.11,163,6,True
2020-06-12,BUR,0.0,164,6,False
2020-06-13,BUR,0.01,165,6,True
2020-06-14,BUR,0.0,166,6,False
2020-06-15,BUR,0.0,167,6,False
2020-06-16,BUR,0.0,168,6,False
2020-06-17,BUR,0.0,169,6,False
2020-06-18,BUR,0.0,170,6,False
2020-06-19,BUR,0.0,171,6,False
2020-06-20,BUR,0.0,172,6,False
2020-06-21,BUR,0.0,173,6,False
2020-06-22,BUR,0.0,174,6,False
2020-06-23,BUR,0.0,175,6,False
2020-06-24,BUR,0.33,176,6,True
2020-06-25,BUR,0.0,177,6,False
2020-06-26,BUR,0.0,178,6,False
2020-06-27,BUR,0.01,179,6,True
2020-06-28,BUR,0.03,180,6,True
2020-06-29,BUR,0.29,181,6,True
2020-06-30,BUR,0.85,182,6,True
2020-07-01,BUR,0.2,183,7,True
2020-07-02,BUR,0.0,184,7,False
2020-07-03,BUR,0.05,185,7,True
2020-07-04,BUR,0.0,186,7,False
2020-07-05,BUR,0.0,187,7,False
2020-07-06,BUR,0.0,188,7,False
2020-07-07,BUR,0.01,189,7,True
2020-07-08,BUR,0.49,190,7,True
2020-07-09,BUR,0.0,191,7,False
2020-07-10,BUR,0.0,192,7,False
2020-07-11,BUR,0.24,193,7,True
2020-07-12,BUR,0.09,194,7,True
2020-07-13,BUR,0.0,195,7,False
2020-07-14,BUR,0.0,196,7,False
2020-07-15,BUR,0.0,197,7,False
2020-07-16,BUR,0.0,198,7,False
2020-07-17,BUR,0.17,199,7,True
2020-07-18,BUR,0.0,200,7,False
2020-07-19,BUR,0.07,201,7,True
2020-07-20,BUR,0.01,202,7,True
2020-07-21,BUR,0.0,203,7,False
2020-07-22,BUR,0.0,204,7,False
2020-07-23,BUR,0.39,205,7,True
2020-07-24,BUR,0.0,206,7,False
2020-07-25,BUR,0.0,207,7,False
2020-07-26,BUR,0.0,208,7,False
2020-07-27,BUR,0.68,209,7,True
2020-07-28,BUR,0.01,210,7,True
2020-07-29,BUR,0.04,211,7,True
2020-07-30,BUR,0.0,212,7,False
2020-07-31,BUR,0.0,213,7,False
2020-08-01,BUR,0.0,214,8,False
2020-08-02,BUR,1.31,215,8,True
2020-08-03,BUR,0.0,216,8,False
2020-08-04,BUR,2.5,217,8,True
2020-08-05,BUR,0.13,218,8,True
2020-08-06,BUR,0.0,219,8,False
2020-08-07,BUR,0.0,220,8,False
2020-08-08,BUR,0.0,221,8,False
2020-08-09,BUR,0.0,222,8,False
2020-08-10,BUR,0.16,223,8,True
2020-08-11,BUR,1.15,224,8,True
2020-08-12,BUR,0.0,225,8,False
2020-08-13,BUR,0.0,226,8,False
2020-08-14,BUR,0.0,227,8,False
2020-08-15,BUR,0.0,228,8,False
2020-08-16,BUR,0.0,229,8,False
2020-08-17,BUR,0.05,230,8,True
2020-08-18,BUR,0.24,231,8,True
2020-08-19,BUR,0.02,232,8,True
2020-08-20,BUR,0.0,233,8,False
2020-08-21,BUR,0.03,234,8,True
2020-08-22,BUR,0.0,235,8,False
2020-08-23,BUR,0.08,236,8,True
2020-08-24,BUR,0.18,237,8,True
2020-08-25,BUR,0.0,238,8,False
2020-08-26,BUR,0.0,239,8,False
2020-08-27,BUR,0.0,240,8,False
2020-08-28,BUR,0.0,241,8,False
2020-08-29,BUR,0.76,242,8,True
2020-08-30,BUR,0.0,243,8,False
2020-08-31,BUR,0.0,244,8,False
2020-09-01,BUR,0.0,245,9,False
2020-09-02,BUR,0.06,246,9,True
2020-09-03,BUR,0.0,247,9,False
2020-09-04,BUR,0.0,248,9,False
2020-09-05,BUR,0.0,249,9,False
2020-09-06,BUR,0.0,250,9,False
2020-09-07,BUR,0.0,251,9,False
2020-09-08,BUR,0.0,252,9,False
2020-09-09,BUR,0.0,253,9,False
2020-09-10,BUR,0.01,254,9,True
2020-09-11,BUR,0.0,255,9,False
2020-09-12,BUR,0.0,256,9,False
2020-09-13,BUR,0.15,257,9,True
2020-09-14,BUR,0.0,258,9,False
2020-09-15,BUR,0.0,259,9,False
2020-09-16,BUR,0.0,260,9,False
2020-09-17,BUR,0.0,261,9,False
2020-09-18,BUR,0.0,262,9,False
2020-09-19,BUR,0.0,263,9,False
2020-09-20,BUR,0.0,264,9,False
2020-09-21,BUR,0.0,265,9,False
2020-09-22,BUR,0.0,266,9,False
2020-09-23,BUR,0.0,267,9,False
2020-09-24,BUR,0.0,268,9,False
2020-09-25,BUR,0.0,269,9,False
2020-09-26,BUR,0.0,270,9,False
2020-09-27,BUR,0.0,271,9,False
2020-09-28,BUR,0.03,272,9,True
2020-09-29,BUR,0.53,273,9,True
2020-09-30,BUR,1.51,274,9,True
2020-10-01,BUR,0.0,275,10,False
2020-10-02,BUR,0.56,276,10,True
2020-10-03,BUR,0.12,277,10,True
2020-10-04,BUR,0.0,278,10,False
2020-10-05,BUR,0.0,279,10,False
2020-10-06,BUR,0.0,280,10,False
2020-10-07,BUR,0.49,281,10,True
2020-10-08,BUR,0.0,282,10,False
2020-10-09,BUR,0.0,283,10,False
2020-10-10,BUR,0.41,284,10,True
2020-10-11,BUR,0.0,285,10,False
2020-10-12,BUR,0.0,286,10,False
2020-10-13,BUR,0.19,287,10,True
2020-10-14,BUR,0.0,288,10,False
2020-10-15,BUR,0.05,289,10,True
2020-10-16,BUR,0.72,290,10,True
2020-10-17,BUR,0.0,291,10,False
2020-10-18,BUR,0.0,292,10,False
2020-10-19,BUR,0.26,293,10,True
2020-10-20,BUR,0.07,294,10,True
2020-10-21,BUR,0.21,295,10,True
2020-10-22,BUR,0.0,296,10,False
2020-10-23,BUR,0.0,297,10,False
2020-10-24,BUR,0.12,298,10,True
2020-10-25,BUR,0.0,299,10,False
2020-10-26,BUR,0.08,300,10,True
2020-10-27,BUR,0.01,301,10,True
2020-10-28,BUR,0.0,302,10,False
2020-10-29,BUR,0.14,303,10,True
2020-10-30,BUR,0.0,304,10,False
2020-10-31,BUR,0.0,305,10,False
2020-11-01,BUR,0.13,306,11,True
2020-11-02,BUR,0.05,307,11,True
2020-11-03,BUR,0.03,308,11,True
2020-11-04,BUR,0.0,309,11,False
2020-11-05,BUR,0.0,310,11,False
2020-11-06,BUR,0.0,311,11,False
2020-11-07,BUR,0.0,312,11,False
2020-11-08,BUR,0.0,313,11,False
2020-11-09,BUR,0.0,314,11,False
2020-11-10,BUR,0.0,315,11,False
2020-11-11,BUR,0.02,316,11,True
2020-11-12,BUR,0.0,317,11,False
2020-11-13,BUR,0.01,318,11,True
2020-11-14,BUR,0.0,319,11,False
2020-11-15,BUR,0.46,320,11,True
2020-11-16,BUR,0.08,321,11,True
2020-11-17,BUR,0.0,322,11,False
2020-11-18,BUR,0.0,323,11,False
2020-11-19,BUR,0.0,324,11,False
2020-11-20,BUR,0.0,325,11,False
2020-11-21,BUR,0.0,326,11,False
2020-11-22,BUR,0.0,327,11,False
2020-11-23,BUR,0.22,328,11,True
2020-11-24,BUR,0.0,329,11,False
2020-11-25,BUR,0.09,330,11,True
2020-11-26,BUR,0.25,331,11,True
2020-11-27,BUR,0.0,332,11,False
2020-11-28,BUR,0.07,333,11,True
2020-11-29,BUR,0.0,334,11,False
2020-11-30,BUR,0.67,335,11,True
2020-12-01,BUR,0.08,336,12,True
2020-12-02,BUR,0.03,337,12,True
2020-12-03,BUR,0.0,338,12,False
2020-12-04,BUR,0.02,339,12,True
2020-12-05,BUR,0.0,340,12,False
2020-12-06,BUR,0.0,341,12,False
2020-12-07,BUR,0.0,342,12,False
2020-12-08,BUR,0.02,343,12,True
2020-12-09,BUR,0.11,344,12,True
2020-12-10,BUR,0.0,345,12,False
2020-12-11,BUR,0.0,346,12,False
2020-12-12,BUR,0.04,347,12,True
2020-12-13,BUR,0.0,348,12,False
2020-12-14,BUR,0.0,349,12,False
2020-12-15,BUR,0.0,350,12,False
2020-12-16,BUR,0.0,351,12,False
2020-12-17,BUR,0.24,352,12,True
2020-12-18,BUR,0.01,353,12,True
2020-12-19,BUR,0.0,354,12,False
2020-12-20,BUR,0.06,355,12,True
2020-12-21,BUR,0.0,356,12,False
2020-12-22,BUR,0.04,357,12,True
2020-12-23,BUR,0.0,358,12,False
2020-12-24,BUR,0.15,359,12,True
2020-12-25,BUR,0.4,360,12,True
2020-12-26,BUR,0.06,361,12,True
2020-12-27,BUR,0.0,362,12,False
2020-12-28,BUR,0.0,363,12,False
2020-12-29,BUR,0.01,364,12,True
2020-12-30,BUR,0.0,365,12,False
2020-12-31,BUR,0.0,366,12,False
2021-01-01,BUR,0.02,1,1,True
2021-01-02,BUR,0.48,2,1,True
2021-01-03,BUR,0.07,3,1,True
2021-01-04,BUR,0.0,4,1,False
2021-01-05,BUR,0.0,5,1,False
2021-01-06,BUR,0.02,6,1,True
2021-01-07,BUR,0.0,7,1,False
2021-01-08,BUR,0.0,8,1,False
2021-01-09,BUR,0.0,9,1,False
2021-01-10,BUR,0.0,10,1,False
2021-01-11,BUR,0.0,11,1,False
2021-01-12,BUR,0.0,12,1,False
2021-01-13,BUR,0.0,13,1,False
2021-01-14,BUR,0.0,14,1,False
2021-01-15,BUR,0.0,15,1,False
2021-01-16,BUR,0.71,16,1,True
2021-01-17,BUR,0.1,17,1,True
2021-01-18,BUR,0.12,18,1,True
2021-01-19,BUR,0.01,19,1,True
2021-01-20,BUR,0.09,20,1,True
2021-01-21,BUR,0.02,21,1,True
2021-01-22,BUR,0.0,22,1,False
2021-01-23,BUR,0.04,23,1,True
2021-01-24,BUR,0.0,24,1,False
2021-01-25,BUR,0.0,25,1,False
2021-01-26,BUR,0.02,26,1,True
2021-01-27,BUR,0.02,27,1,True
2021-01-28,BUR,0.0,28,1,False
2021-01-29,BUR,0.0,29,1,False
2021-01-30,BUR,0.0,30,1,False
2021-01-31,BUR,0.0,31,1,False
2021-02-01,BUR,0.0,32,2,False
2021-02-02,BUR,0.31,33,2,True
2021-02-03,BUR,0.06,34,2,True
2021-02-04,BUR,0.01,35,2,True
2021-02-05,BUR,0.18,36,2,True
2021-02-06,BUR,0.0,37,2,False
2021-02-07,BUR,0.01,38,2,True
2021-02-08,BUR,0.0,39,2,False
2021-02-09,BUR,0.12,40,2,True
2021-02-10,BUR,0.01,41,2,True
2021-02-11,BUR,0.0,42,2,False
2021-02-12,BUR,0.0,43,2,False
2021-02-13,BUR,0.0,44,2,False
2021-02-14,BUR,0.0,45,2,False
2021-02-15,BUR,0.02,46,2,True
2021-02-16,BUR,0.62,47,2,True
2021-02-17,BUR,0.0,48,2,False
2021-02-18,BUR,0.0,49,2,False
2021-02-19,BUR,0.02,50,2,True
2021-02-20,BUR,0.0,51,2,False
2021-02-21,BUR,0.0,52,2,False
2021-02-22,BUR,0.06,53,2,True
2021-02-23,BUR,0.03,54,2,True
2021-02-24,BUR,0.01,55,2,True
2021-02-25,BUR,0.04,56,2,True
2021-02-26,BUR,0.0,57,2,False
2021-02-27,BUR,0.05,58,2,True
2021-02-28,BUR,0.0,59,2,False
2021-03-01,BUR,0.06,60,3,True
2021-03-02,BUR,0.0,61,3,False
2021-03-03,BUR,0.04,62,3,True
2021-03-04,BUR,0.01,63,3,True
2021-03-05,BUR,0.0,64,3,False
2021-03-06,BUR,0.0,65,3,False
2021-03-07,BUR,0.0,66,3,False
2021-03-08,BUR,0.0,67,3,False
2021-03-09,BUR,0.0,68,3,False
2021-03-10,BUR,0.0,69,3,False
2021-03-11,BUR,0.0,70,3,False
2021-03-12,BUR,0.01,71,3,True
2021-03-13,BUR,0.0,72,3,False
2021-03-14,BUR,0.0,73,3,False
2021-03-15,BUR,0.0,74,3,False
2021-03-16,BUR,0.0,75,3,False
2021-03-17,BUR,0.0,76,3,False
2021-03-18,BUR,0.04,77,3,True
2021-03-19,BUR,0.0,78,3,False
2021-03-20,BUR,0.0,79,3,False
2021-03-21,BUR,0.0,80,3,False
2021-03-22,BUR,0.0,81,3,False
2021-03-23,BUR,0.0,82,3,False
2021-03-24,BUR,0.01,83,3,True
2021-03-25,BUR,0.0,84,3,False
2021-03-26,BUR,0.41,85,3,True
2021-03-27,BUR,0.0,86,3,False
2021-03-28,BUR,0.22,87,3,True
2021-03-29,BUR,0.01,88,3,True
2021-03-30,BUR,0.0,89,3,False
2021-03-31,BUR,0.21,90,3,True
2021-04-01,BUR,0.25,91,4,True
2021-04-02,BUR,0.0,92,4,False
2021-04-03,BUR,0.0,93,4,False
2021-04-04,BUR,0.0,94,4,False
2021-04-05,BUR,0.0,95,4,False
2021-04-06,BUR,0.0,96,4,False
2021-04-07,BUR,0.0,97,4,False
2021-04-08,BUR,0.0,98,4,False
2021-04-09,BUR,0.0,99,4,False
2021-04-10,BUR,0.02,100,4,True
2021-04-11,BUR,0.0,101,4,False
2021-04-12,BUR,0.0,102,4,False
2021-04-13,BUR,0.0,103,4,False
2021-04-14,BUR,0.0,104,4,False
2021-04-15,BUR,0.67,105,4,True
2021-04-16,BUR,0.55,106,4,True
2021-04-17,BUR,0.0,107,4,False
2021-04-18,BUR,0.0,108,4,False
2021-04-19,BUR,0.0,109,4,False
2021-04-20,BUR,0.0,110,4,False
2021-04-21,BUR,0.36,111,4,True
2021-04-22,BUR,0.01,112,4,True
2021-04-23,BUR,0.0,113,4,False
2021-04-24,BUR,0.0,114,4,False
2021-04-25,BUR,0.07,115,4,True
2021-04-26,BUR,0.0,116,4,False
2021-04-27,BUR,0.0,117,4,False
2021-04-28,BUR,0.53,118,4,True
2021-04-29,BUR,0.34,119,4,True
2021-04-30,BUR,0.84,120,4,True
2021-05-01,BUR,0.12,121,5,True
2021-05-02,BUR,0.0,122,5,False
2021-05-03,BUR,0.0,123,5,False
2021-05-04,BUR,0.02,124,5,True
2021-05-05,BUR,0.8,125,5,True
2021-05-06,BUR,0.0,126,5,False
2021-05-07,BUR,0.0,127,5,False
2021-05-08,BUR,0.02,128,5,True
2021-05-09,BUR,0.01,129,5,True
2021-05-10,BUR,0.04,130,5,True
2021-05-11,BUR,0.03,131,5,True
2021-05-12,BUR,0.05,132,5,True
2021-05-13,BUR,0.0,133,5,False
2021-05-14,BUR,0.0,134,5,False
2021-05-15,BUR,0.0,135,5,False
2021-05-16,BUR,0.0,136,5,False
2021-05-17,BUR,0.0,137,5,False
2021-05-18,BUR,0.0,138,5,False
2021-05-19,BUR,0.0,139,5,False
2021-05-20,BUR,0.0,140,5,False
2021-05-21,BUR,0.0,141,5,False
2021-05-22,BUR,0.0,142,5,False
2021-05-23,BUR,0.04,143,5,True
2021-05-24,BUR,0.0,144,5,False
2021-05-25,BUR,0.0,145,5,False
2021-05-26,BUR,0.1,146,5,True
2021-05-27,BUR,0.0,147,5,False
2021-05-28,BUR,0.0,148,5,False
2021-05-29,BUR,0.0,149,5,False
2021-05-30,BUR,0.15,150,5,True
2021-05-31,BUR,0.04,151,5,True
2021-06-01,BUR,0.01,152,6,True
2021-06-02,BUR,0.0,153,6,False
2021-06-03,BUR,0.0,154,6,False
2021-06-04,BUR,0.02,155,6,True
2021-06-05,BUR,0.02,156,6,True
2021-06-06,BUR,0.01,157,6,True
2021-06-07,BUR,0.0,158,6,False
2021-06-08,BUR,0.0,159,6,False
2021-06-09,BUR,0.28,160,6,True
2021-06-10,BUR,0.0,161,6,False
2021-06-11,BUR,0.0,162,6,False
2021-06-12,BUR,0.0,163,6,False
2021-06-13,BUR,0.0,164,6,False
2021-06-14,BUR,0.54,165,6,True
2021-06-15,BUR,0.37,166,6,True
2021-06-16,BUR,0.0,167,6,False
2021-06-17,BUR,0.0,168,6,False
2021-06-18,BUR,0.01,169,6,True
2021-06-19,BUR,0.38,170,6,True
2021-06-20,BUR,0.0,171,6,False
2021-06-21,BUR,0.29,172,6,True
2021-06-22,BUR,0.0,173,6,False
2021-06-23,BUR,0.0,174,6,False
2021-06-24,BUR,0.0,175,6,False
2021-06-25,BUR,0.0,176,6,False
2021-06-26,BUR,0.02,177,6,True
2021-06-27,BUR,0.0,178,6,False
2021-06-28,BUR,0.07,179,6,True
2021-06-29,BUR,0.0,180,6,False
2021-06-30,BUR,0.34,181,6,True
2021-07-01,BUR,0.0,182,7,False
2021-07-02,BUR,0.31,183,7,True
2021-07-03,BUR,0.14,184,7,True
2021-07-04,BUR,0.0,185,7,False
2021-07-05,BUR,0.0,186,7,False
2021-07-06,BUR,0.08,187,7,True
2021-07-07,BUR,0.0,188,7,False
2021-07-08,BUR,0.34,189,7,True
2021-07-09,BUR,0.16,190,7,True
2021-07-10,BUR,0.0,191,7,False
2021-07-11,BUR,0.0,192,7,False
2021-07-12,BUR,0.0,193,7,False
2021-07-13,BUR,0.51,194,7,True
2021-07-14,BUR,0.2,195,7,True
2021-07-15,BUR,0.0,196,7,False
2021-07-16,BUR,0.0,197,7,False
2021-07-17,BUR,0.34,198,7,True
2021-07-18,BUR,1.4,199,7,True
2021-07-19,BUR,0.04,200,7,True
2021-07-20,BUR,1.24,201,7,True
2021-07-21,BUR,0.06,202,7,True
2021-07-22,BUR,0.0,203,7,False
2021-07-23,BUR,0.0,204,7,False
2021-07-24,BUR,0.0,205,7,False
2021-07-25,BUR,0.23,206,7,True
2021-07-26,BUR,0.0,207,7,False
2021-07-27,BUR,0.22,208,7,True
2021-07-28,BUR,0.0,209,7,False
2021-07-29,BUR,0.01,210,7,True
2021-07-30,BUR,0.33,211,7,True
2021-07-31,BUR,0.0,212,7,False
2021-08-01,BUR,0.74,213,8,True
2021-08-02,BUR,0.2,214,8,True
2021-08-03,BUR,0.0,215,8,False
2021-08-04,BUR,0.0,216,8,False
2021-08-05,BUR,0.0,217,8,False
2021-08-06,BUR,0.0,218,8,False
2021-08-07,BUR,0.21,219,8,True
2021-08-08,BUR,0.0,220,8,False
2021-08-09,BUR,0.0,221,8,False
2021-08-10,BUR,0.0,222,8,False
2021-08-11,BUR,0.33,223,8,True
2021-08-12,BUR,0.0,224,8,False
2021-08-13,BUR,0.0,225,8,False
2021-08-14,BUR,1.26,226,8,True
2021-08-15,BUR,0.0,227,8,False
2021-08-16,BUR,0.0,228,8,False
2021-08-17,BUR,0.11,229,8,True
2021-08-18,BUR,0.02,230,8,True
2021-08-19,BUR,0.9,231,8,True
2021-08-20,BUR,0.0,232,8,False
2021-08-21,BUR,0.0,233,8,False
2021-08-22,BUR,0.0,234,8,False
2021-08-23,BUR,0.0,235,8,False
2021-08-24,BUR,0.0,236,8,False
2021-08-25,BUR,0.0,237,8,False
2021-08-26,BUR,0.0,238,8,False
2021-08-27,BUR,0.0,239,8,False
2021-08-28,BUR,0.0,240,8,False
2021-08-29,BUR,0.4,241,8,True
2021-08-30,BUR,0.23,242,8,True
2021-08-31,BUR,0.0,243,8,False
2021-09-01,BUR,0.0,244,9,False
2021-09-02,BUR,0.02,245,9,True
2021-09-03,BUR,0.0,246,9,False
2021-09-04,BUR,0.0,247,9,False
2021-09-05,BUR,0.0,248,9,False
2021-09-06,BUR,0.74,249,9,True
2021-09-07,BUR,0.0,250,9,False
2021-09-08,BUR,0.95,251,9,True
2021-09-09,BUR,0.0,252,9,False
2021-09-10,BUR,0.02,253,9,True
2021-09-11,BUR,0.0,254,9,False
2021-09-12,BUR,0.01,255,9,True
2021-09-13,BUR,0.0,256,9,False
2021-09-14,BUR,0.0,257,9,False
2021-09-15,BUR,0.39,258,9,True
2021-09-16,BUR,0.0,259,9,False
2021-09-17,BUR,0.0,260,9,False
2021-09-18,BUR,0.0,261,9,False
2021-09-19,BUR,0.0,262,9,False
2021-09-20,BUR,0.0,263,9,False
2021-09-21,BUR,0.0,264,9,False
2021-09-22,BUR,0.0,265,9,False
2021-09-23,BUR,0.0,266,9,False
2021-09-24,BUR,0.76,267,9,True
2021-09-25,BUR,0.0,268,9,False
2021-09-26,BUR,0.0,269,9,False
2021-09-27,BUR,0.05,270,9,True
2021-09-28,BUR,0.0,271,9,False
2021-09-29,BUR,0.06,272,9,True
2021-09-30,BUR,0.06,273,9,True
2021-10-01,BUR,0.0,274,10,False
2021-10-02,BUR,0.64,275,10,True
2021-10-03,BUR,0.1,276,10,True
2021-10-04,BUR,0.0,277,10,False
2021-10-05,BUR,0.01,278,10,True
2021-10-06,BUR,0.0,279,10,False
2021-10-07,BUR,0.0,280,10,False
2021-10-08,BUR,0.0,281,10,False
2021-10-09,BUR,0.0,282,10,False
2021-10-10,BUR,0.0,283,10,False
2021-10-11,BUR,0.0,284,10,False
2021-10-12,BUR,0.0,285,10,False
2021-10-13,BUR,0.0,286,10,False
2021-10-14,BUR,0.0,287,10,False
2021-10-15,BUR,0.04,288,10,True
2021-10-16,BUR,1.2,289,10,True
2021-10-17,BUR,0.0,290,10,False
2021-10-18,BUR,0.11,291,10,True
2021-10-19,BUR,0.02,292,10,True
2021-10-20,BUR,0.0,293,10,False
2021-10-21,BUR,0.27,294,10,True
2021-10-22,BUR,0.17,295,10,True
2021-10-23,BUR,0.0,296,10,False
2021-10-24,BUR,0.0,297,10,False
2021-10-25,BUR,0.42,298,10,True
2021-10-26,BUR,0.48,299,10,True
2021-10-27,BUR,0.0,300,10,False
2021-10-28,BUR,0.0,301,10,False
2021-10-29,BUR,0.0,302,10,False
2021-10-30,BUR,0.43,303,10,True
2021-10-31,BUR,1.6,304,10,True
2021-11-01,BUR,0.0,305,11,False
2021-11-02,BUR,0.05,306,11,True
2021-11-03,BUR,0.3,307,11,True
2021-11-04,BUR,0.0,308,11,False
2021-11-05,BUR,0.0,309,11,False
2021-11-06,BUR,0.0,310,11,False
2021-11-07,BUR,0.0,311,11,False
2021-11-08,BUR,0.0,312,11,False
2021-11-09,BUR,0.0,313,11,False
2021-11-10,BUR,0.11,314,11,True
2021-11-11,BUR,0.0,315,11,False
2021-11-12,BUR,0.41,316,11,True
2021-11-13,BUR,0.86,317,11,True
2021-11-14,BUR,0.1,318,11,True
2021-11-15,BUR,0.12,319,11,True
2021-11-16,BUR,0.01,320,11,True
2021-11-17,BUR,0.0,321,11,False
2021-11-18,BUR,0.32,322,11,True
2021-11-19,BUR,0.0,323,11,False
2021-11-20,BUR,0.0,324,11,False
2021-11-21,BUR,0.04,325,11,True
2021-11-22,BUR,0.06,326,11,True
2021-11-23,BUR,0.0,327,11,False
2021-11-24,BUR,0.0,328,11,False
2021-11-25,BUR,0.05,329,11,True
2021-11-26,BUR,0.7,330,11,True
2021-11-27,BUR,0.02,331,11,True
2021-11-28,BUR,0.0,332,11,False
2021-11-29,BUR,0.0,333,11,False
2021-11-30,BUR,0.02,334,11,True
2021-12-01,BUR,0.07,335,12,True
2021-12-02,BUR,0.04,336,12,True
2021-12-03,BUR,0.0,337,12,False
2021-12-04,BUR,0.05,338,12,True
2021-12-05,BUR,0.0,339,12,False
2021-12-06,BUR,0.21,340,12,True
2021-12-07,BUR,0.0,341,12,False
2021-12-08,BUR,0.08,342,12,True
2021-12-09,BUR,0.03,343,12,True
2021-12-10,BUR,0.02,344,12,True
2021-12-11,BUR,0.29,345,12,True
2021-12-12,BUR,0.0,346,12,False
2021-12-13,BUR,0.0,347,12,False
2021-12-14,BUR,0.0,348,12,False
2021-12-15,BUR,0.05,349,12,True
2021-12-16,BUR,0.13,350,12,True
2021-12-17,BUR,0.0,351,12,False
2021-12-18,BUR,0.48,352,12,True
2021-12-19,BUR,0.03,353,12,True
2021-12-20,BUR,0.0,354,12,False
2021-12-21,BUR,0.0,355,12,False
2021-12-22,BUR,0.0,356,12,False
2021-12-23,BUR,0.0,357,12,False
2021-12-24,BUR,0.0,358,12,False
2021-12-25,BUR,0.12,359,12,True
2021-12-26,BUR,0.04,360,12,True
2021-12-27,BUR,0.0,361,12,False
2021-12-28,BUR,0.03,362,12,True
2021-12-29,BUR,0.0,363,12,False
2021-12-30,BUR,0.0,364,12,False
2021-12-31,BUR,0.04,365,12,True
2022-01-01,BUR,0.01,1,1,True
2022-01-02,BUR,0.14,2,1,True
2022-01-03,BUR,0.0,3,1,False
2022-01-04,BUR,0.0,4,1,False
2022-01-05,BUR,0.0,5,1,False
2022-01-06,BUR,0.0,6,1,False
2022-01-07,BUR,0.09,7,1,True
2022-01-08,BUR,0.0,8,1,False
2022-01-09,BUR,0.03,9,1,True
2022-01-10,BUR,0.0,10,1,False
2022-01-11,BUR,0.0,11,1,False
2022-01-12,BUR,0.0,12,1,False
2022-01-13,BUR,0.0,13,1,False
2022-01-14,BUR,0.04,14,1,True
2022-01-15,BUR,0.0,15,1,False
2022-01-16,BUR,0.0,16,1,False
2022-01-17,BUR,0.57,17,1,True
2022-01-18,BUR,0.0,18,1,False
2022-01-19,BUR,0.0,19,1,False
2022-01-20,BUR,0.0,20,1,False
2022-01-21,BUR,0.0,21,1,False
2022-01-22,BUR,0.0,22,1,False
2022-01-23,BUR,0.02,23,1,True
2022-01-24,BUR,0.02,24,1,True
2022-01-25,BUR,0.02,25,1,True
2022-01-26,BUR,0.0,26,1,False
2022-01-27,BUR,0.0,27,1,False
2022-01-28,BUR,0.0,28,1,False
2022-01-29,BUR,0.0,29,1,False
2022-01-30,BUR,0.0,30,1,False
2022-01-31,BUR,0.0,31,1,False
2022-02-01,BUR,0.0,32,2,False
2022-02-02,BUR,0.0,33,2,False
2022-02-03,BUR,0.36,34,2,True
2022-02-04,BUR,0.65,35,2,True
2022-02-05,BUR,0.01,36,2,True
2022-02-06,BUR,0.0,37,2,False
2022-02-07,BUR,0.0,38,2,False
2022-02-08,BUR,0.0,39,2,False
2022-02-09,BUR,0.0,40,2,False
2022-02-10,BUR,0.0,41,2,False
2022-02-11,BUR,0.0,42,2,False
2022-02-12,BUR,0.0,43,2,False
2022-02-13,BUR,0.0,44,2,False
2022-02-14,BUR,0.0,45,2,False
2022-02-15,BUR,0.0,46,2,False
2022-02-16,BUR,0.0,47,2,False
2022-02-17,BUR,0.22,48,2,True
2022-02-18,BUR,0.45,49,2,True
2022-02-19,BUR,0.0,50,2,False
2022-02-20,BUR,0.0,51,2,False
2022-02-21,BUR,0.0,52,2,False
2022-02-22,BUR,0.19,53,2,True
2022-02-23,BUR,0.0,54,2,False
2022-02-24,BUR,0.0,55,2,False
2022-02-25,BUR,0.48,56,2,True
2022-02-26,BUR,0.0,57,2,False
2022-02-27,BUR,0.01,58,2,True
2022-02-28,BUR,0.0,59,2,False
2022-03-01,BUR,0.01,60,3,True
2022-03-02,BUR,0.01,61,3,True
2022-03-03,BUR,0.02,62,3,True
2022-03-04,BUR,0.0,63,3,False
2022-03-05,BUR,0.0,64,3,False
2022-03-06,BUR,0.08,65,3,True
2022-03-07,BUR,0.2,66,3,True
2022-03-08,BUR,0.0,67,3,False
2022-03-09,BUR,0.0,68,3,False
2022-03-10,BUR,0.0,69,3,False
2022-03-11,BUR,0.0,70,3,False
2022-03-12,BUR,0.81,71,3,True
2022-03-13,BUR,0.0,72,3,False
2022-03-14,BUR,0.0,73,3,False
2022-03-15,BUR,0.02,74,3,True
2022-03-16,BUR,0.0,75,3,False
2022-03-17,BUR,0.0,76,3,False
2022-03-18,BUR,0.0,77,3,False
2022-03-19,BUR,0.2,78,3,True
2022-03-20,BUR,0.19,79,3,True
2022-03-21,BUR,0.0,80,3,False
2022-03-22,BUR,0.0,81,3,False
2022-03-23,BUR,0.04,82,3,True
2022-03-24,BUR,0.26,83,3,True
2022-03-25,BUR,0.32,84,3,True
2022-03-26,BUR,0.0,85,3,False
2022-03-27,BUR,0.08,86,3,True
2022-03-28,BUR,0.04,87,3,True
2022-03-29,BUR,0.0,88,3,False
2022-03-30,BUR,0.01,89,3,True
2022-03-31,BUR,0.06,90,3,True
2022-04-01,BUR,0.01,91,4,True
2022-04-02,BUR,0.0,92,4,False
2022-04-03,BUR,0.0,93,4,False
2022-04-04,BUR,0.02,94,4,True
2022-04-05,BUR,0.0,95,4,False
2022-04-06,BUR,0.0,96,4,False
2022-04-07,BUR,0.61,97,4,True
2022-04-08,BUR,0.73,98,4,True
2022-04-09,BUR,0.64,99,4,True
2022-04-10,BUR,0.0,100,4,False
2022-04-11,BUR,0.0,101,4,False
2022-04-12,BUR,0.2,102,4,True
2022-04-13,BUR,0.16,103,4,True
2022-04-14,BUR,0.33,104,4,True
2022-04-15,BUR,0.03,105,4,True
2022-04-16,BUR,0.05,106,4,True
2022-04-17,BUR,0.0,107,4,False
2022-04-18,BUR,0.01,108,4,True
2022-04-19,BUR,1.11,109,4,True
2022-04-20,BUR,0.0,110,4,False
2022-04-21,BUR,0.0,111,4,False
2022-04-22,BUR,0.09,112,4,True
2022-04-23,BUR,0.0,113,4,False
2022-04-24,BUR,0.0,114,4,False
2022-04-25,BUR,0.0,115,4,False
2022-04-26,BUR,0.17,116,4,True
2022-04-27,BUR,0.05,117,4,True
2022-04-28,BUR,0.0,118,4,False
2022-04-29,BUR,0.0,119,4,False
2022-04-30,BUR,0.0,120,4,False
2022-05-01,BUR,0.0,121,5,False
2022-05-02,BUR,0.0,122,5,False
2022-05-03,BUR,0.1,123,5,True
2022-05-04,BUR,0.29,124,5,True
2022-05-05,BUR,0.0,125,5,False
2022-05-06,BUR,0.0,126,5,False
2022-05-07,BUR,0.0,127,5,False
2022-05-08,BUR,0.0,128,5,False
2022-05-09,BUR,0.0,129,5,False
2022-05-10,BUR,0.0,130,5,False
2022-05-11,BUR,0.0,131,5,False
2022-05-12,BUR,0.0,132,5,False
2022-05-13,BUR,0.0,133,5,False
2022-05-14,BUR,0.0,134,5,False
2022-05-15,BUR,0.47,135,5,True
2022-05-16,BUR,0.73,136,5,True
2022-05-17,BUR,0.18,137,5,True
2022-05-18,BUR,0.0,138,5,False
2022-05-19,BUR,0.43,139,5,True
2022-05-20,BUR,0.0,140,5,False
2022-05-21,BUR,0.2,141,5,True
2022-05-22,BUR,0.22,142,5,True
2022-05-23,BUR,0.0,143,5,False
2022-05-24,BUR,0.0,144,5,False
2022-05-25,BUR,0.0,145,5,False
2022-05-26,BUR,0.0,146,5,False
2022-05-27,BUR,0.07,147,5,True
2022-05-28,BUR,0.24,148,5,True
2022-05-29,BUR,0.0,149,5,False
2022-05-30,BUR,0.0,150,5,False
2022-05-31,BUR,0.0,151,5,False
2022-06-01,BUR,0.78,152,6,True
2022-06-02,BUR,0.07,153,6,True
2022-06-03,BUR,0.0,154,6,False
2022-06-04,BUR,0.0,155,6,False
2022-06-05,BUR,0.0,156,6,False
2022-06-06,BUR,0.0,157,6,False
2022-06-07,BUR,0.08,158,6,True
2022-06-08,BUR,0.24,159,6,True
2022-06-09,BUR,0.78,160,6,True
2022-06-10,BUR,0.0,161,6,False
2022-06-11,BUR,0.0,162,6,False
2022-06-12,BUR,0.0,163,6,False
2022-06-13,BUR,0.0,164,6,False
2022-06-14,BUR,0.0,165,6,False
2022-06-15,BUR,0.0,166,6,False
2022-06-16,BUR,0.04,167,6,True
2022-06-17,BUR,0.11,168,6,True
2022-06-18,BUR,0.25,169,6,True
2022-06-19,BUR,0.0,170,6,False
2022-06-20,BUR,0.0,171,6,False
2022-06-21,BUR,0.02,172,6,True
2022-06-22,BUR,0.29,173,6,True
2022-06-23,BUR,0.24,174,6,True
2022-06-24,BUR,0.0,175,6,False
2022-06-25,BUR,0.0,176,6,False
2022-06-26,BUR,0.0,177,6,False
2022-06-27,BUR,1.2,178,6,True
2022-06-28,BUR,0.0,179,6,False
2022-06-29,BUR,0.05,180,6,True
2022-06-30,BUR,0.0,181,6,False
2022-07-01,BUR,0.0,182,7,False
2022-07-02,BUR,0.32,183,7,True
2022-07-03,BUR,0.0,184,7,False
2022-07-04,BUR,0.0,185,7,False
2022-07-05,BUR,0.4,186,7,True
2022-07-06,BUR,0.07,187,7,True
2022-07-07,BUR,0.0,188,7,False
2022-07-08,BUR,0.0,189,7,False
2022-07-09,BUR,0.0,190,7,False
2022-07-10,BUR,0.0,191,7,False
2022-07-11,BUR,0.0,192,7,False
2022-07-12,BUR,0.13,193,7,True
2022-07-13,BUR,0.0,194,7,False
2022-07-14,BUR,0.02,195,7,True
2022-07-15,BUR,0.0,196,7,False
2022-07-16,BUR,0.0,197,7,False
2022-07-17,BUR,0.0,198,7,False
2022-07-18,BUR,1.03,199,7,True
2022-07-19,BUR,0.28,200,7,True
2022-07-20,BUR,0.04,201,7,True
2022-07-21,BUR,0.42,202,7,True
2022-07-22,BUR,0.0,203,7,False
2022-07-23,BUR,0.0,204,7,False
2022-07-24,BUR,0.0,205,7,False
2022-07-25,BUR,0.31,206,7,True
2022-07-26,BUR,0.0,207,7,False
2022-07-27,BUR,0.0,208,7,False
2022-07-28,BUR,1.02,209,7,True
2022-07-29,BUR,0.0,210,7,False
2022-07-30,BUR,0.0,211,7,False
2022-07-31,BUR,0.0,212,7,False
2022-08-01,BUR,0.0,213,8,False
2022-08-02,BUR,0.36,214,8,True
2022-08-03,BUR,0.0,215,8,False
2022-08-04,BUR,0.04,216,8,True
2022-08-05,BUR,0.3,217,8,True
2022-08-06,BUR,0.28,218,8,True
2022-08-07,BUR,0.0,219,8,False
2022-08-08,BUR,0.12,220,8,True
2022-08-09,BUR,0.04,221,8,True
2022-08-10,BUR,0.0,222,8,False
2022-08-11,BUR,0.22,223,8,True
2022-08-12,BUR,0.0,224,8,False
2022-08-13,BUR,0.0,225,8,False
2022-08-14,BUR,0.0,226,8,False
2022-08-15,BUR,0.0,227,8,False
2022-08-16,BUR,0.01,228,8,True
2022-08-17,BUR,0.0,229,8,False
2022-08-18,BUR,0.03,230,8,True
2022-08-19,BUR,0.0,231,8,False
2022-08-20,BUR,0.0,232,8,False
2022-08-21,BUR,0.0,233,8,False
2022-08-22,BUR,0.01,234,8,True
2022-08-23,BUR,0.22,235,8,True
2022-08-24,BUR,0.0,236,8,False
2022-08-25,BUR,0.0,237,8,False
2022-08-26,BUR,1.15,238,8,True
2022-08-27,BUR,0.0,239,8,False
2022-08-28,BUR,0.0,240,8,False
2022-08-29,BUR,0.0,241,8,False
2022-08-30,BUR,0.56,242,8,True
2022-08-31,BUR,0.06,243,8,True
2022-09-01,BUR,0.0,244,9,False
2022-09-02,BUR,0.0,245,9,False
2022-09-03,BUR,0.0,246,9,False
2022-09-04,BUR,0.0,247,9,False
2022-09-05,BUR,0.01,248,9,True
2022-09-06,BUR,0.11,249,9,True
2022-09-07,BUR,0.0,250,9,False
2022-09-08,BUR,0.0,251,9,False
2022-09-09,BUR,0.0,252,9,False
2022-09-10,BUR,0.0,253,9,False
2022-09-11,BUR,0.0,254,9,False
2022-09-12,BUR,0.0,255,9,False
2022-09-13,BUR,2.56,256,9,True
2022-09-14,BUR,0.05,257,9,True
2022-09-15,BUR,0.0,258,9,False
2022-09-16,BUR,0.0,259,9,False
2022-09-17,BUR,0.0,260,9,False
2022-09-18,BUR,0.12,261,9,True
2022-09-19,BUR,1.71,262,9,True
2022-09-20,BUR,0.25,263,9,True
2022-09-21,BUR,0.05,264,9,True
2022-09-22,BUR,0.92,265,9,True
2022-09-23,BUR,0.0,266,9,False
2022-09-24,BUR,0.0,267,9,False
2022-09-25,BUR,0.36,268,9,True
2022-09-26,BUR,0.09,269,9,True
2022-09-27,BUR,0.03,270,9,True
2022-09-28,BUR,0.2,271,9,True
2022-09-29,BUR,0.0,272,9,False
2022-09-30,BUR,0.0,273,9,False
2022-10-01,BUR,0.0,274,10,False
2022-10-02,BUR,0.0,275,10,False
2022-10-03,BUR,0.0,276,10,False
2022-10-04,BUR,0.0,277,10,False
2022-10-05,BUR,0.0,278,10,False
2022-10-06,BUR,0.0,279,10,False
2022-10-07,BUR,0.2,280,10,True
2022-10-08,BUR,0.01,281,10,True
2022-10-09,BUR,0.04,282,10,True
2022-10-10,BUR,0.01,283,10,True
2022-10-11,BUR,0.0,284,10,False
2022-10-12,BUR,0.0,285,10,False
2022-10-13,BUR,1.21,286,10,True
2022-10-14,BUR,0.54,287,10,True
2022-10-15,BUR,0.0,288,10,False
2022-10-16,BUR,0.0,289,10,False
2022-10-17,BUR,0.15,290,10,True
2022-10-18,BUR,0.01,291,10,True
2022-10-19,BUR,0.0,292,10,False
2022-10-20,BUR,0.0,293,10,False
2022-10-21,BUR,0.0,294,10,False
2022-10-22,BUR,0.0,295,10,False
2022-10-23,BUR,0.0,296,10,False
2022-10-24,BUR,0.29,297,10,True
2022-10-25,BUR,0.03,298,10,True
2022-10-26,BUR,0.13,299,10,True
2022-10-27,BUR,0.0,300,10,False
2022-10-28,BUR,0.0,301,10,False
2022-10-29,BUR,0.0,302,10,False
2022-10-30,BUR,0.0,303,10,False
2022-10-31,BUR,0.0,304,10,False
2022-11-01,BUR,0.02,305,11,True
2022-11-02,BUR,0.0,306,11,False
2022-11-03,BUR,0.0,307,11,False
2022-11-04,BUR,0.0,308,11,False
2022-11-05,BUR,0.0,309,11,False
2022-11-06,BUR,0.72,310,11,True
2022-11-07,BUR,0.0,311,11,False
2022-11-08,BUR,0.0,312,11,False
2022-11-09,BUR,0.0,313,11,False
2022-11-10,BUR,0.0,314,11,False
2022-11-11,BUR,0.49,315,11,True
2022-11-12,BUR,0.98,316,11,True
2022-11-13,BUR,0.02,317,11,True
2022-11-14,BUR,0.0,318,11,False
2022-11-15,BUR,0.01,319,11,True
2022-11-16,BUR,0.42,320,11,True
2022-11-17,BUR,0.01,321,11,True
2022-11-18,BUR,0.0,322,11,False
2022-11-19,BUR,0.0,323,11,False
2022-11-20,BUR,0.0,324,11,False
2022-11-21,BUR,0.0,325,11,False
2022-11-22,BUR,0.0,326,11,False
2022-11-23,BUR,0.0,327,11,False
2022-11-24,BUR,0.0,328,11,False
2022-11-25,BUR,0.0,329,11,False
2022-11-26,BUR,0.0,330,11,False
2022-11-27,BUR,0.49,331,11,True
2022-11-28,BUR,0.05,332,11,True
2022-11-29,BUR,0.0,333,11,False
2022-11-30,BUR,0.4,334,11,True
2022-12-01,BUR,0.0,335,12,False
2022-12-02,BUR,0.0,336,12,False
2022-12-03,BUR,0.1,337,12,True
2022-12-04,BUR,0.0,338,12,False
2022-12-05,BUR,0.0,339,12,False
2022-12-06,BUR,0.13,340,12,True
2022-12-07,BUR,0.54,341,12,True
2022-12-08,BUR,0.0,342,12,False
2022-12-09,BUR,0.0,343,12,False
2022-12-10,BUR,0.0,344,12,False
2022-12-11,BUR,0.09,345,12,True
2022-12-12,BUR,0.0,346,12,False
2022-12-13,BUR,0.01,347,12,True
2022-12-14,BUR,0.0,348,12,False
2022-12-15,BUR,0.0,349,12,False
2022-12-16,BUR,0.45,350,12,True
2022-12-17,BUR,0.41,351,12,True
2022-12-18,BUR,0.0,352,12,False
2022-12-19,BUR,0.0,353,12,False
2022-12-20,BUR,0.0,354,12,False
2022-12-21,BUR,0.0,355,12,False
2022-12-22,BUR,0.01,356,12,True
2022-12-23,BUR,0.79,357,12,True
2022-12-24,BUR,0.01,358,12,True
2022-12-25,BUR,0.0,359,12,False
2022-12-26,BUR,0.0,360,12,False
2022-12-27,BUR,0.0,361,12,False
2022-12-28,BUR,0.0,362,12,False
2022-12-29,BUR,0.0,363,12,False
2022-12-30,BUR,0.0,364,12,False
2022-12-31,BUR,0.15,365,12,True
2018-01-01,SEA,0.0,1,1,False
2018-01-02,SEA,0.0,2,1,False
2018-01-03,SEA,0.0,3,1,False
2018-01-04,SEA,0.0,4,1,False
2018-01-05,SEA,0.25,5,1,True
2018-01-06,SEA,0.57,6,1,True
2018-01-07,SEA,0.23,7,1,True
2018-01-08,SEA,0.41,8,1,True
2018-01-09,SEA,0.1475,9,1,True
2018-01-10,SEA,0.1725,10,1,True
2018-01-11,SEA,0.2975,11,1,True
2018-01-12,SEA,0.5900000000000001,12,1,True
2018-01-13,SEA,0.3425,13,1,True
2018-01-14,SEA,0.0525,14,1,True
2018-01-15,SEA,0.052500000000000005,15,1,True
2018-01-16,SEA,0.025,16,1,True
2018-01-17,SEA,0.045,17,1,True
2018-01-18,SEA,0.155,18,1,True
2018-01-19,SEA,0.09000000000000001,19,1,True
2018-01-20,SEA,0.05500000000000001,20,1,True
2018-01-21,SEA,0.1,21,1,True
2018-01-22,SEA,0.1975,22,1,True
2018-01-23,SEA,0.2875,23,1,True
2018-01-24,SEA,0.29333333333333333,24,1,True
2018-01-25,SEA,0.18666666666666668,25,1,True
2018-01-26,SEA,0.07,26,1,True
2018-01-27,SEA,0.065,27,1,True
2018-01-28,SEA,0.2975,28,1,True
2018-01-29,SEA,0.055,29,1,True
2018-01-30,SEA,0.0825,30,1,True
2018-01-31,SEA,0.1775,31,1,True
2018-02-01,SEA,0.5199999999999999,32,2,True
2018-02-02,SEA,0.27749999999999997,33,2,True
2018-02-03,SEA,0.145,34,2,True
2018-02-04,SEA,0.1075,35,2,True
2018-02-05,SEA,0.21,36,2,True
2018-02-06,SEA,0.35000000000000003,37,2,True
2018-02-07,SEA,0.16249999999999998,38,2,True
2018-02-08,SEA,0.0975,39,2,True
2018-02-09,SEA,0.29750000000000004,40,2,True
2018-02-10,SEA,0.0075,41,2,True
2018-02-11,SEA,0.18,42,2,True
2018-02-12,SEA,0.275,43,2,True
2018-02-13,SEA,0.27,44,2,True
2018-02-14,SEA,0.13749999999999998,45,2,True
2018-02-15,SEA,0.25,46,2,True
2018-02-16,SEA,0.056666666666666664,47,2,True
2018-02-17,SEA,0.1366666666666667,48,2,True
2018-02-18,SEA,0.006666666666666667,49,2,True
2018-02-19,SEA,0.06,50,2,True
2018-02-20,SEA,0.20500000000000002,51,2,True
2018-02-21,SEA,0.11,52,2,True
2018-02-22,SEA,0.03,53,2,True
2018-02-23,SEA,0.0,54,2,False
2018-02-24,SEA,0.095,55,2,True
2018-02-25,SEA,0.07,56,2,True
2018-02-26,SEA,0.005,57,2,True
2018-02-27,SEA,0.25333333333333335,58,2,True
2018-02-28,SEA,0.6366666666666666,59,2,True
2018-03-01,SEA,0.2875,60,3,True
2018-03-02,SEA,0.0075,61,3,True
2018-03-03,SEA,0.11333333333333334,62,3,True
2018-03-04,SEA,0.05333333333333334,63,3,True
2018-03-05,SEA,0.1125,64,3,True
2018-03-06,SEA,0.0,65,3,False
2018-03-07,SEA,0.32666666666666666,66,3,True
2018-03-08,SEA,0.08666666666666667,67,3,True
2018-03-09,SEA,0.09000000000000001,68,3,True
2018-03-10,SEA,0.005,69,3,True
2018-03-11,SEA,0.0,70,3,False
2018-03-12,SEA,0.0,71,3,False
2018-03-13,SEA,0.0,72,3,False
2018-03-14,SEA,0.2,73,3,True
2018-03-15,SEA,0.02,74,3,True
2018-03-16,SEA,0.0,75,3,False
2018-03-17,SEA,0.0,76,3,False
2018-03-18,SEA,0.0,77,3,False
2018-03-19,SEA,0.0,78,3,False
2018-03-20,SEA,0.0,79,3,False
2018-03-21,SEA,0.0,80,3,False
2018-03-22,SEA,0.25,81,3,True
2018-03-23,SEA,0.29,82,3,True
2018-03-24,SEA,0.63,83,3,True
2018-03-25,SEA,0.0,84,3,False
2018-03-26,SEA,0.0,85,3,False
2018-03-27,SEA,0.0,86,3,False
2018-03-28,SEA,0.07,87,3,True
2018-03-29,SEA,0.0,88,3,False
2018-03-30,SEA,0.0,89,3,False
2018-03-31,SEA,0.0,90,3,False
2018-04-01,SEA,0.01,91,4,True
2018-04-02,SEA,0.16,92,4,True
2018-04-03,SEA,0.0,93,4,False
2018-04-04,SEA,0.08,94,4,True
2018-04-05,SEA,0.24,95,4,True
2018-04-06,SEA,0.21,96,4,True
2018-04-07,SEA,0.43,97,4,True
2018-04-08,SEA,0.55,98,4,True
2018-04-09,SEA,0.04,99,4,True
2018-04-10,SEA,0.09,100,4,True
2018-04-11,SEA,0.19,101,4,True
2018-04-12,SEA,0.46,102,4,True
2018-04-13,SEA,0.18,103,4,True
2018-04-14,SEA,0.68,104,4,True
2018-04-15,SEA,1.65,105,4,True
2018-04-16,SEA,0.1,106,4,True
2018-04-17,SEA,0.11,107,4,True
2018-04-18,SEA,0.02,108,4,True
2018-04-19,SEA,0.0,109,4,False
2018-04-20,SEA,0.0,110,4,False
2018-04-21,SEA,0.05,111,4,True
2018-04-22,SEA,0.1,112,4,True
2018-04-23,SEA,0.0,113,4,False
2018-04-24,SEA,0.0,114,4,False
2018-04-25,SEA,0.0,115,4,False
2018-04-26,SEA,0.0,116,4,False
2018-04-27,SEA,0.0,117,4,False
2018-04-28,SEA,0.32,118,4,True
2018-04-29,SEA,0.27,119,4,True
2018-04-30,SEA,0.0,120,4,False
2018-05-01,SEA,0.0,121,5,False
2018-05-02,SEA,0.0,122,5,False
2018-05-03,SEA,0.0,123,5,False
2018-05-04,SEA,0.0,124,5,False
2018-05-05,SEA,0.0,125,5,False
2018-05-06,SEA,0.03,126,5,True
2018-05-07,SEA,0.0,127,5,False
2018-05-08,SEA,0.0,128,5,False
2018-05-09,SEA,0.05,129,5,True
2018-05-10,SEA,0.0,130,5,False
2018-05-11,SEA,0.0,131,5,False
2018-05-12,SEA,0.0,132,5,False
2018-05-13,SEA,0.0,133,5,False
2018-05-14,SEA,0.0,134,5,False
2018-05-15,SEA,0.0,135,5,False
2018-05-16,SEA,0.0,136,5,False
2018-05-17,SEA,0.0,137,5,False
2018-05-18,SEA,0.0,138,5,False
2018-05-19,SEA,0.0,139,5,False
2018-05-20,SEA,0.12,140,5,True
2018-05-21,SEA,0.0,141,5,False
2018-05-22,SEA,0.0,142,5,False
2018-05-23,SEA,0.0,143,5,False
2018-05-24,SEA,0.0,144,5,False
2018-05-25,SEA,0.01,145,5,True
2018-05-26,SEA,0.0,146,5,False
2018-05-27,SEA,0.0,147,5,False
2018-05-28,SEA,0.0,148,5,False
2018-05-29,SEA,0.0,149,5,False
2018-05-30,SEA,0.0,150,5,False
2018-05-31,SEA,0.0,151,5,False
2018-06-01,SEA,0.0,152,6,False
2018-06-02,SEA,0.0,153,6,False
2018-06-03,SEA,0.0,154,6,False
2018-06-04,SEA,0.05,155,6,True
2018-06-05,SEA,0.04,156,6,True
2018-06-06,SEA,0.0,157,6,False
2018-06-07,SEA,0.0,158,6,False
2018-06-08,SEA,0.0,159,6,False
2018-06-09,SEA,0.26,160,6,True
2018-06-10,SEA,0.13,161,6,True
2018-06-11,SEA,0.21,162,6,True
2018-06-12,SEA,0.0,163,6,False
2018-06-13,SEA,0.2,164,6,True
2018-06-14,SEA,0.05,165,6,True
2018-06-15,SEA,0.0,166,6,False
2018-06-16,SEA,0.0,167,6,False
2018-06-17,SEA,0.0,168,6,False
2018-06-18,SEA,0.0,169,6,False
2018-06-19,SEA,0.0,170,6,False
2018-06-20,SEA,0.0,171,6,False
2018-06-21,SEA,0.0,172,6,False
2018-06-22,SEA,0.0,173,6,False
2018-06-23,SEA,0.18,174,6,True
2018-06-24,SEA,0.0,175,6,False
2018-06-25,SEA,0.17,176,6,True
2018-06-26,SEA,0.15,177,6,True
2018-06-27,SEA,0.0,178,6,False
2018-06-28,SEA,0.0,179,6,False
2018-06-29,SEA,0.0,180,6,False
2018-06-30,SEA,0.0,181,6,False
2018-07-01,SEA,0.02,182,7,True
2018-07-02,SEA,0.01,183,7,True
2018-07-03,SEA,0.0,184,7,False
2018-07-04,SEA,0.0,185,7,False
2018-07-05,SEA,0.0,186,7,False
2018-07-06,SEA,0.0,187,7,False
2018-07-07,SEA,0.0,188,7,False
2018-07-08,SEA,0.0,189,7,False
2018-07-09,SEA,0.0,190,7,False
2018-07-10,SEA,0.0,191,7,False
2018-07-11,SEA,0.0,192,7,False
2018-07-12,SEA,0.0,193,7,False
2018-07-13,SEA,0.0,194,7,False
2018-07-14,SEA,0.0,195,7,False
2018-07-15,SEA,0.0,196,7,False
2018-07-16,SEA,0.0,197,7,False
2018-07-17,SEA,0.0,198,7,False
2018-07-18,SEA,0.0,199,7,False
2018-07-19,SEA,0.0,200,7,False
2018-07-20,SEA,0.0,201,7,False
2018-07-21,SEA,0.0,202,7,False
2018-07-22,SEA,0.0,203,7,False
2018-07-23,SEA,0.0,204,7,False
2018-07-24,SEA,0.0,205,7,False
2018-07-25,SEA,0.0,206,7,False
2018-07-26,SEA,0.0,207,7,False
2018-07-27,SEA,0.0,208,7,False
2018-07-28,SEA,0.0,209,7,False
2018-07-29,SEA,0.0,210,7,False
2018-07-30,SEA,0.0,211,7,False
2018-07-31,SEA,0.0,212,7,False
2018-08-01,SEA,0.0,213,8,False
2018-08-02,SEA,0.0,214,8,False
2018-08-03,SEA,0.04,215,8,True
2018-08-04,SEA,0.01,216,8,True
2018-08-05,SEA,0.0,217,8,False
2018-08-06,SEA,0.0,218,8,False
2018-08-07,SEA,0.0,219,8,False
2018-08-08,SEA,0.0,220,8,False
2018-08-09,SEA,0.0,221,8,False
2018-08-10,SEA,0.0,222,8,False
2018-08-11,SEA,0.0,223,8,False
2018-08-12,SEA,0.01,224,8,True
2018-08-13,SEA,0.0,225,8,False
2018-08-14,SEA,0.0,226,8,False
2018-08-15,SEA,0.0,227,8,False
2018-08-16,SEA,0.0,228,8,False
2018-08-17,SEA,0.0,229,8,False
2018-08-18,SEA,0.0,230,8,False
2018-08-19,SEA,0.0,231,8,False
2018-08-20,SEA,0.0,232,8,False
2018-08-21,SEA,0.0,233,8,False
2018-08-22,SEA,0.0,234,8,False
2018-08-23,SEA,0.0,235,8,False
2018-08-24,SEA,0.0,236,8,False
2018-08-25,SEA,0.0,237,8,False
2018-08-26,SEA,0.01,238,8,True
2018-08-27,SEA,0.27,239,8,True
2018-08-28,SEA,0.0,240,8,False
2018-08-29,SEA,0.0,241,8,False
2018-08-30,SEA,0.0,242,8,False
2018-08-31,SEA,0.25,243,8,True
2018-09-01,SEA,0.0,244,9,False
2018-09-02,SEA,0.0,245,9,False
2018-09-03,SEA,0.0,246,9,False
2018-09-04,SEA,0.0,247,9,False
2018-09-05,SEA,0.0,248,9,False
2018-09-06,SEA,0.0,249,9,False
2018-09-07,SEA,0.0,250,9,False
2018-09-08,SEA,0.14,251,9,True
2018-09-09,SEA,0.0,252,9,False
2018-09-10,SEA,0.17,253,9,True
2018-09-11,SEA,0.01,254,9,True
2018-09-12,SEA,0.0,255,9,False
2018-09-13,SEA,0.0,256,9,False
2018-09-14,SEA,0.1,257,9,True
2018-09-15,SEA,0.08,258,9,True
2018-09-16,SEA,0.28,259,9,True
2018-09-17,SEA,0.05,260,9,True
2018-09-18,SEA,0.0,261,9,False
2018-09-19,SEA,0.0,262,9,False
2018-09-20,SEA,0.03,263,9,True
2018-09-21,SEA,0.0,264,9,False
2018-09-22,SEA,0.006666666666666667,265,9,True
2018-09-23,SEA,0.01,266,9,True
2018-09-24,SEA,0.0,267,9,False
2018-09-25,SEA,0.0,268,9,False
2018-09-26,SEA,0.0,269,9,False
2018-09-27,SEA,0.0,270,9,False
2018-09-28,SEA,0.0,271,9,False
2018-09-29,SEA,0.0,272,9,False
2018-09-30,SEA,0.1,273,9,True
2018-10-01,SEA,0.01,274,10,True
2018-10-02,SEA,0.27,275,10,True
2018-10-03,SEA,0.07,276,10,True
2018-10-04,SEA,0.0,277,10,False
2018-10-05,SEA,0.0,278,10,False
2018-10-06,SEA,0.31,279,10,True
2018-10-07,SEA,0.0,280,10,False
2018-10-08,SEA,0.13,281,10,True
2018-10-09,SEA,0.38,282,10,True
2018-10-10,SEA,0.02,283,10,True
2018-10-11,SEA,0.0,284,10,False
2018-10-12,SEA,0.0,285,10,False
2018-10-13,SEA,0.0,286,10,False
2018-10-14,SEA,0.0,287,10,False
2018-10-15,SEA,0.0,288,10,False
2018-10-16,SEA,0.0,289,10,False
2018-10-17,SEA,0.0,290,10,False
2018-10-18,SEA,0.0,291,10,False
2018-10-19,SEA,0.0,292,10,False
2018-10-20,SEA,0.0,293,10,False
2018-10-21,SEA,0.0,294,10,False
2018-10-22,SEA,0.01,295,10,True
2018-10-23,SEA,0.01,296,10,True
2018-10-24,SEA,0.04,297,10,True
2018-10-25,SEA,0.0,298,10,False
2018-10-26,SEA,0.82,299,10,True
2018-10-27,SEA,0.02,300,10,True
2018-10-28,SEA,1.25,301,10,True
2018-10-29,SEA,0.14,302,10,True
2018-10-30,SEA,0.01,303,10,True
2018-10-31,SEA,0.1,304,10,True
2018-11-01,SEA,0.03,305,11,True
2018-11-02,SEA,0.1,306,11,True
2018-11-03,SEA,0.10250000000000001,307,11,True
2018-11-04,SEA,0.26749999999999996,308,11,True
2018-11-05,SEA,0.34249999999999997,309,11,True
2018-11-06,SEA,0.28500000000000003,310,11,True
2018-11-07,SEA,0.25,311,11,True
2018-11-08,SEA,0.1275,312,11,True
2018-11-09,SEA,0.11,313,11,True
2018-11-10,SEA,0.1475,314,11,True
2018-11-11,SEA,0.0625,315,11,True
2018-11-12,SEA,0.0,316,11,False
2018-11-13,SEA,0.0,317,11,False
2018-11-14,SEA,0.12,318,11,True
2018-11-15,SEA,0.08,319,11,True
2018-11-16,SEA,0.04,320,11,True
2018-11-17,SEA,0.0,321,11,False
2018-11-18,SEA,0.0,322,11,False
2018-11-19,SEA,0.0,323,11,False
2018-11-20,SEA,0.0,324,11,False
2018-11-21,SEA,0.0,325,11,False
2018-11-22,SEA,0.29,326,11,True
2018-11-23,SEA,0.78,327,11,True
2018-11-24,SEA,0.08,328,11,True
2018-11-25,SEA,0.0,329,11,False
2018-11-26,SEA,0.32,330,11,True
2018-11-27,SEA,1.56,331,11,True
2018-11-28,SEA,0.45,332,11,True
2018-11-29,SEA,0.15,333,11,True
2018-11-30,SEA,0.01,334,11,True
2018-12-01,SEA,0.18,335,12,True
2018-12-02,SEA,0.29,336,12,True
2018-12-03,SEA,0.02,337,12,True
2018-12-04,SEA,0.0,338,12,False
2018-12-05,SEA,0.0,339,12,False
2018-12-06,SEA,0.0,340,12,False
2018-12-07,SEA,0.0,341,12,False
2018-12-08,SEA,0.01,342,12,True
2018-12-09,SEA,0.0,343,12,False
2018-12-10,SEA,0.56,344,12,True
2018-12-11,SEA,0.14,345,12,True
2018-12-12,SEA,0.37,346,12,True
2018-12-13,SEA,0.15,347,12,True
2018-12-14,SEA,0.18,348,12,True
2018-12-15,SEA,0.05,349,12,True
2018-12-16,SEA,0.38,350,12,True
2018-12-17,SEA,0.3,351,12,True
2018-12-18,SEA,0.83,352,12,True
2018-12-19,SEA,0.27,353,12,True
2018-12-20,SEA,0.18,354,12,True
2018-12-21,SEA,0.16,355,12,True
2018-12-22,SEA,0.01,356,12,True
2018-12-23,SEA,0.83,357,12,True
2018-12-24,SEA,0.05,358,12,True
2018-12-25,SEA,0.02,359,12,True
2018-12-26,SEA,0.03,360,12,True
2018-12-27,SEA,0.12,361,12,True
2018-12-28,SEA,0.07,362,12,True
2018-12-29,SEA,0.32,363,12,True
2018-12-30,SEA,0.44,364,12,True
2018-12-31,SEA,0.01,365,12,True
2019-01-01,SEA,0.0,1,1,False
2019-01-02,SEA,0.0,2,1,False
2019-01-03,SEA,0.42,3,1,True
2019-01-04,SEA,0.55,4,1,True
2019-01-05,SEA,0.24666666666666667,5,1,True
2019-01-06,SEA,0.8133333333333334,6,1,True
2019-01-07,SEA,0.6074999999999999,7,1,True
2019-01-08,SEA,0.02,8,1,True
2019-01-09,SEA,0.35,9,1,True
2019-01-10,SEA,0.32,10,1,True
2019-01-11,SEA,0.03,11,1,True
2019-01-12,SEA,0.0,12,1,False
2019-01-13,SEA,0.0,13,1,False
2019-01-14,SEA,0.0,14,1,False
2019-01-15,SEA,0.0,15,1,False
2019-01-16,SEA,0.0,16,1,False
2019-01-17,SEA,0.12,17,1,True
2019-01-18,SEA,0.15,18,1,True
2019-01-19,SEA,0.28,19,1,True
2019-01-20,SEA,0.04,20,1,True
2019-01-21,SEA,0.0,21,1,False
2019-01-22,SEA,0.01,22,1,True
2019-01-23,SEA,0.7,23,1,True
2019-01-24,SEA,0.29333333333333333,24,1,True
2019-01-25,SEA,0.18666666666666668,25,1,True
2019-01-26,SEA,0.02,26,1,True
2019-01-27,SEA,0.0,27,1,False
2019-01-28,SEA,0.0,28,1,False
2019-01-29,SEA,0.0,29,1,False
2019-01-30,SEA,0.0,30,1,False
2019-01-31,SEA,0.0,31,1,False
2019-02-01,SEA,0.16,32,2,True
2019-02-02,SEA,0.35,33,2,True
2019-02-03,SEA,0.04,34,2,True
2019-02-04,SEA,0.35,35,2,True
2019-02-05,SEA,0.02,36,2,True
2019-02-06,SEA,0.0,37,2,False
2019-02-07,SEA,0.0,38,2,False
2019-02-08,SEA,0.0,39,2,False
2019-02-09,SEA,1.12,40,2,True
2019-02-10,SEA,0.0,41,2,False
2019-02-11,SEA,0.7,42,2,True
2019-02-12,SEA,1.02,43,2,True
2019-02-13,SEA,0.15,44,2,True
2019-02-14,SEA,0.0,45,2,False
2019-02-15,SEA,0.19,46,2,True
2019-02-16,SEA,0.02,47,2,True
2019-02-17,SEA,0.39,48,2,True
2019-02-18,SEA,0.02,49,2,True
2019-02-19,SEA,0.07,50,2,True
2019-02-20,SEA,0.27,51,2,True
2019-02-21,SEA,0.03,52,2,True
2019-02-22,SEA,0.0,53,2,False
2019-02-23,SEA,0.0,54,2,False
2019-02-24,SEA,0.095,55,2,True
2019-02-25,SEA,0.07,56,2,True
2019-02-26,SEA,0.005,57,2,True
2019-02-27,SEA,0.25333333333333335,58,2,True
2019-02-28,SEA,0.6366666666666666,59,2,True
2019-03-01,SEA,0.0,60,3,False
2019-03-02,SEA,0.0,61,3,False
2019-03-03,SEA,0.0,62,3,False
2019-03-04,SEA,0.0,63,3,False
2019-03-05,SEA,0.0,64,3,False
2019-03-06,SEA,0.0,65,3,False
2019-03-07,SEA,0.27,66,3,True
2019-03-08,SEA,0.03,67,3,True
2019-03-09,SEA,0.08,68,3,True
2019-03-10,SEA,0.0,69,3,False
2019-03-11,SEA,0.0,70,3,False
2019-03-12,SEA,0.76,71,3,True
2019-03-13,SEA,0.19,72,3,True
2019-03-14,SEA,0.0,73,3,False
2019-03-15,SEA,0.0,74,3,False
2019-03-16,SEA,0.0,75,3,False
2019-03-17,SEA,0.0,76,3,False
2019-03-18,SEA,0.0,77,3,False
2019-03-19,SEA,0.0,78,3,False
2019-03-20,SEA,0.0,79,3,False
2019-03-21,SEA,0.0,80,3,False
2019-03-22,SEA,0.0,81,3,False
2019-03-23,SEA,0.01,82,3,True
2019-03-24,SEA,0.0,83,3,False
2019-03-25,SEA,0.0,84,3,False
2019-03-26,SEA,0.21,85,3,True
2019-03-27,SEA,0.0,86,3,False
2019-03-28,SEA,0.0,87,3,False
2019-03-29,SEA,0.0,88,3,False
2019-03-30,SEA,0.0,89,3,False
2019-03-31,SEA,0.0,90,3,False
2019-04-01,SEA,0.0,91,4,False
2019-04-02,SEA,0.0,92,4,False
2019-04-03,SEA,0.02,93,4,True
2019-04-04,SEA,0.01,94,4,True
2019-04-05,SEA,0.21,95,4,True
2019-04-06,SEA,0.055,96,4,True
2019-04-07,SEA,0.1075,97,4,True
2019-04-08,SEA,0.18250000000000002,98,4,True
2019-04-09,SEA,0.22,99,4,True
2019-04-10,SEA,0.02,100,4,True
2019-04-11,SEA,0.32,101,4,True
2019-04-12,SEA,0.44,102,4,True
2019-04-13,SEA,0.04,103,4,True
2019-04-14,SEA,0.05,104,4,True
2019-04-15,SEA,0.02,105,4,True
2019-04-16,SEA,0.0,106,4,False
2019-04-17,SEA,0.17,107,4,True
2019-04-18,SEA,0.1,108,4,True
2019-04-19,SEA,0.07,109,4,True
2019-04-20,SEA,0.03,110,4,True
2019-04-21,SEA,0.17,111,4,True
2019-04-22,SEA,0.04,112,4,True
2019-04-23,SEA,0.07,113,4,True
2019-04-24,SEA,0.02,114,4,True
2019-04-25,SEA,0.0,115,4,False
2019-04-26,SEA,0.0,116,4,False
2019-04-27,SEA,0.0,117,4,False
2019-04-28,SEA,0.02,118,4,True
2019-04-29,SEA,0.0,119,4,False
2019-04-30,SEA,0.0,120,4,False
2019-05-01,SEA,0.0,121,5,False
2019-05-02,SEA,0.0,122,5,False
2019-05-03,SEA,0.0,123,5,False
2019-05-04,SEA,0.0,124,5,False
2019-05-05,SEA,0.0,125,5,False
2019-05-06,SEA,0.0,126,5,False
2019-05-07,SEA,0.0,127,5,False
2019-05-08,SEA,0.0,128,5,False
2019-05-09,SEA,0.0,129,5,False
2019-05-10,SEA,0.0,130,5,False
2019-05-11,SEA,0.0,131,5,False
2019-05-12,SEA,0.0,132,5,False
2019-05-13,SEA,0.0,133,5,False
2019-05-14,SEA,0.01,134,5,True
2019-05-15,SEA,0.14,135,5,True
2019-05-16,SEA,0.06,136,5,True
2019-05-17,SEA,0.6,137,5,True
2019-05-18,SEA,0.01,138,5,True
2019-05-19,SEA,0.01,139,5,True
2019-05-20,SEA,0.04,140,5,True
2019-05-21,SEA,0.15,141,5,True
2019-05-22,SEA,0.01,142,5,True
2019-05-23,SEA,0.0,143,5,False
2019-05-24,SEA,0.0,144,5,False
2019-05-25,SEA,0.0,145,5,False
2019-05-26,SEA,0.44,146,5,True
2019-05-27,SEA,0.01,147,5,True
2019-05-28,SEA,0.0,148,5,False
2019-05-29,SEA,0.0,149,5,False
2019-05-30,SEA,0.0,150,5,False
2019-05-31,SEA,0.0,151,5,False
2019-06-01,SEA,0.0,152,6,False
2019-06-02,SEA,0.0,153,6,False
2019-06-03,SEA,0.0,154,6,False
2019-06-04,SEA,0.0,155,6,False
2019-06-05,SEA,0.0,156,6,False
2019-06-06,SEA,0.0,157,6,False
2019-06-07,SEA,0.02,158,6,True
2019-06-08,SEA,0.1,159,6,True
2019-06-09,SEA,0.0,160,6,False
2019-06-10,SEA,0.0,161,6,False
2019-06-11,SEA,0.0,162,6,False
2019-06-12,SEA,0.0,163,6,False
2019-06-13,SEA,0.0,164,6,False
2019-06-14,SEA,0.0,165,6,False
2019-06-15,SEA,0.0,166,6,False
2019-06-16,SEA,0.0,167,6,False
2019-06-17,SEA,0.0,168,6,False
2019-06-18,SEA,0.12,169,6,True
2019-06-19,SEA,0.03,170,6,True
2019-06-20,SEA,0.31,171,6,True
2019-06-21,SEA,0.0025,172,6,True
2019-06-22,SEA,0.0225,173,6,True
2019-06-23,SEA,0.08,174,6,True
2019-06-24,SEA,0.02,175,6,True
2019-06-25,SEA,0.02,176,6,True
2019-06-26,SEA,0.0,177,6,False
2019-06-27,SEA,0.0,178,6,False
2019-06-28,SEA,0.0025,179,6,True
2019-06-29,SEA,0.135,180,6,True
2019-06-30,SEA,0.0025,181,6,True
2019-07-01,SEA,0.015000000000000001,182,7,True
2019-07-02,SEA,0.02,183,7,True
2019-07-03,SEA,0.0125,184,7,True
2019-07-04,SEA,0.0325,185,7,True
2019-07-05,SEA,0.0125,186,7,True
2019-07-06,SEA,0.015,187,7,True
2019-07-07,SEA,0.01,188,7,True
2019-07-08,SEA,0.15,189,7,True
2019-07-09,SEA,0.01,190,7,True
2019-07-10,SEA,0.22,191,7,True
2019-07-11,SEA,0.13,192,7,True
2019-07-12,SEA,0.01,193,7,True
2019-07-13,SEA,0.0,194,7,False
2019-07-14,SEA,0.0,195,7,False
2019-07-15,SEA,0.0,196,7,False
2019-07-16,SEA,0.07,197,7,True
2019-07-17,SEA,0.02,198,7,True
2019-07-18,SEA,0.13,199,7,True
2019-07-19,SEA,0.62,200,7,True
2019-07-20,SEA,0.02,201,7,True
2019-07-21,SEA,0.0,202,7,False
2019-07-22,SEA,0.0,203,7,False
2019-07-23,SEA,0.0,204,7,False
2019-07-24,SEA,0.0,205,7,False
2019-07-25,SEA,0.0,206,7,False
2019-07-26,SEA,0.0,207,7,False
2019-07-27,SEA,0.0,208,7,False
2019-07-28,SEA,0.0,209,7,False
2019-07-29,SEA,0.0,210,7,False
2019-07-30,SEA,0.0,211,7,False
2019-07-31,SEA,0.0,212,7,False
2019-08-01,SEA,0.0,213,8,False
2019-08-02,SEA,0.25,214,8,True
2019-08-03,SEA,0.0,215,8,False
2019-08-04,SEA,0.0,216,8,False
2019-08-05,SEA,0.0,217,8,False
2019-08-06,SEA,0.0,218,8,False
2019-08-07,SEA,0.0,219,8,False
2019-08-08,SEA,0.0,220,8,False
2019-08-09,SEA,0.0,221,8,False
2019-08-10,SEA,0.47,222,8,True
2019-08-11,SEA,0.18,223,8,True
2019-08-12,SEA,0.01,224,8,True
2019-08-13,SEA,0.0,225,8,False
2019-08-14,SEA,0.0,226,8,False
2019-08-15,SEA,0.0,227,8,False
2019-08-16,SEA,0.0,228,8,False
2019-08-17,SEA,0.0,229,8,False
2019-08-18,SEA,0.0,230,8,False
2019-08-19,SEA,0.0033333333333333335,231,8,True
2019-08-20,SEA,0.016666666666666666,232,8,True
2019-08-21,SEA,0.013333333333333334,233,8,True
2019-08-22,SEA,0.13,234,8,True
2019-08-23,SEA,0.0,235,8,False
2019-08-24,SEA,0.0,236,8,False
2019-08-25,SEA,0.0,237,8,False
2019-08-26,SEA,0.0,238,8,False
2019-08-27,SEA,0.0,239,8,False
2019-08-28,SEA,0.0,240,8,False
2019-08-29,SEA,0.0,241,8,False
2019-08-30,SEA,0.22,242,8,True
2019-08-31,SEA,0.01,243,8,True
2019-09-01,SEA,0.0,244,9,False
2019-09-02,SEA,0.0,245,9,False
2019-09-03,SEA,0.0,246,9,False
2019-09-04,SEA,0.0,247,9,False
2019-09-05,SEA,0.0,248,9,False
2019-09-06,SEA,0.0,249,9,False
2019-09-07,SEA,0.0,250,9,False
2019-09-08,SEA,0.61,251,9,True
2019-09-09,SEA,0.1,252,9,True
2019-09-10,SEA,0.55,253,9,True
2019-09-11,SEA,0.02,254,9,True
2019-09-12,SEA,0.0,255,9,False
2019-09-13,SEA,0.21,256,9,True
2019-09-14,SEA,0.01,257,9,True
2019-09-15,SEA,0.35,258,9,True
2019-09-16,SEA,0.19,259,9,True
2019-09-17,SEA,0.04,260,9,True
2019-09-18,SEA,0.32,261,9,True
2019-09-19,SEA,0.0,262,9,False
2019-09-20,SEA,0.02,263,9,True
2019-09-21,SEA,0.0,264,9,False
2019-09-22,SEA,0.02,265,9,True
2019-09-23,SEA,0.32,266,9,True
2019-09-24,SEA,0.16,267,9,True
2019-09-25,SEA,0.0,268,9,False
2019-09-26,SEA,0.04,269,9,True
2019-09-27,SEA,0.31,270,9,True
2019-09-28,SEA,0.23,271,9,True
2019-09-29,SEA,0.25,272,9,True
2019-09-30,SEA,0.03,273,9,True
2019-10-01,SEA,0.0,274,10,False
2019-10-02,SEA,0.0,275,10,False
2019-10-03,SEA,0.02,276,10,True
2019-10-04,SEA,0.08,277,10,True
2019-10-05,SEA,0.01,278,10,True
2019-10-06,SEA,0.0,279,10,False
2019-10-07,SEA,0.0,280,10,False
2019-10-08,SEA,0.0,281,10,False
2019-10-09,SEA,0.2,282,10,True
2019-10-10,SEA,0.0,283,10,False
2019-10-11,SEA,0.0,284,10,False
2019-10-12,SEA,0.0,285,10,False
2019-10-13,SEA,0.0,286,10,False
2019-10-14,SEA,0.0,287,10,False
2019-10-15,SEA,0.0,288,10,False
2019-10-16,SEA,0.13,289,10,True
2019-10-17,SEA,0.26,290,10,True
2019-10-18,SEA,0.11,291,10,True
2019-10-19,SEA,0.96,292,10,True
2019-10-20,SEA,0.18,293,10,True
2019-10-21,SEA,0.27,294,10,True
2019-10-22,SEA,0.22,295,10,True
2019-10-23,SEA,0.06,296,10,True
2019-10-24,SEA,0.02,297,10,True
2019-10-25,SEA,0.0,298,10,False
2019-10-26,SEA,0.31,299,10,True
2019-10-27,SEA,0.03,300,10,True
2019-10-28,SEA,0.0,301,10,False
2019-10-29,SEA,0.0,302,10,False
2019-10-30,SEA,0.0,303,10,False
2019-10-31,SEA,0.0,304,10,False
2019-11-01,SEA,0.0,305,11,False
2019-11-02,SEA,0.0,306,11,False
2019-11-03,SEA,0.0,307,11,False
2019-11-04,SEA,0.0,308,11,False
2019-11-05,SEA,0.0,309,11,False
2019-11-06,SEA,0.0,310,11,False
2019-11-07,SEA,0.0,311,11,False
2019-11-08,SEA,0.0,312,11,False
2019-11-09,SEA,0.1,313,11,True
2019-11-10,SEA,0.21,314,11,True
2019-11-11,SEA,0.0,315,11,False
2019-11-12,SEA,0.25,316,11,True
2019-11-13,SEA,0.04,317,11,True
2019-11-14,SEA,0.0,318,11,False
2019-11-15,SEA,0.19,319,11,True
2019-11-16,SEA,0.02,320,11,True
2019-11-17,SEA,0.11,321,11,True
2019-11-18,SEA,0.22,322,11,True
2019-11-19,SEA,0.73,323,11,True
2019-11-20,SEA,0.03,324,11,True
2019-11-21,SEA,0.0,325,11,False
2019-11-22,SEA,0.0,326,11,False
2019-11-23,SEA,0.5725,327,11,True
2019-11-24,SEA,0.07500000000000001,328,11,True
2019-11-25,SEA,0.1275,329,11,True
2019-11-26,SEA,0.4325,330,11,True
2019-11-27,SEA,0.47500000000000003,331,11,True
2019-11-28,SEA,0.2425,332,11,True
2019-11-29,SEA,0.1,333,11,True
2019-11-30,SEA,0.34,334,11,True
2019-12-01,SEA,0.0,335,12,False
2019-12-02,SEA,0.03,336,12,True
2019-12-03,SEA,0.0,337,12,False
2019-12-04,SEA,0.02,338,12,True
2019-12-05,SEA,0.03,339,12,True
2019-12-06,SEA,0.0,340,12,False
2019-12-07,SEA,0.3,341,12,True
2019-12-08,SEA,0.17,342,12,True
2019-12-09,SEA,0.02,343,12,True
2019-12-10,SEA,0.0,344,12,False
2019-12-11,SEA,0.17,345,12,True
2019-12-12,SEA,0.43,346,12,True
2019-12-13,SEA,0.09,347,12,True
2019-12-14,SEA,0.03,348,12,True
2019-12-15,SEA,0.36,349,12,True
2019-12-16,SEA,0.08,350,12,True
2019-12-17,SEA,0.02,351,12,True
2019-12-18,SEA,0.0,352,12,False
2019-12-19,SEA,0.35,353,12,True
2019-12-20,SEA,1.9,354,12,True
2019-12-21,SEA,2.6,355,12,True
2019-12-22,SEA,0.33,356,12,True
2019-12-23,SEA,0.4,357,12,True
2019-12-24,SEA,0.05,358,12,True
2019-12-25,SEA,0.02,359,12,True
2019-12-26,SEA,0.0,360,12,False
2019-12-27,SEA,0.03,361,12,True
2019-12-28,SEA,0.0,362,12,False
2019-12-29,SEA,0.02,363,12,True
2019-12-30,SEA,0.07,364,12,True
2019-12-31,SEA,0.03,365,12,True
2020-01-01,SEA,0.15,1,1,True
2020-01-02,SEA,0.33,2,1,True
2020-01-03,SEA,0.19,3,1,True
2020-01-04,SEA,0.37,4,1,True
2020-01-05,SEA,0.24666666666666667,5,1,True
2020-01-06,SEA,0.8133333333333334,6,1,True
2020-01-07,SEA,0.48,7,1,True
2020-01-08,SEA,0.05,8,1,True
2020-01-09,SEA,0.04,9,1,True
2020-01-10,SEA,0.15,10,1,True
2020-01-11,SEA,0.43,11,1,True
2020-01-12,SEA,0.12,12,1,True
2020-01-13,SEA,0.11,13,1,True
2020-01-14,SEA,0.19,14,1,True
2020-01-15,SEA,0.01,15,1,True
2020-01-16,SEA,0.07,16,1,True
2020-01-17,SEA,0.01,17,1,True
2020-01-18,SEA,0.45,18,1,True
2020-01-19,SEA,0.04,19,1,True
2020-01-20,SEA,0.08,20,1,True
2020-01-21,SEA,0.22,21,1,True
2020-01-22,SEA,0.76,22,1,True
2020-01-23,SEA,0.45,23,1,True
2020-01-24,SEA,0.8,24,1,True
2020-01-25,SEA,0.4,25,1,True
2020-01-26,SEA,0.26,26,1,True
2020-01-27,SEA,0.17,27,1,True
2020-01-28,SEA,0.98,28,1,True
2020-01-29,SEA,0.05,29,1,True
2020-01-30,SEA,0.2,30,1,True
2020-01-31,SEA,0.22,31,1,True
2020-02-01,SEA,1.44,32,2,True
2020-02-02,SEA,0.01,33,2,True
2020-02-03,SEA,0.03,34,2,True
2020-02-04,SEA,0.01,35,2,True
2020-02-05,SEA,0.69,36,2,True
2020-02-06,SEA,1.34,37,2,True
2020-02-07,SEA,0.58,38,2,True
2020-02-08,SEA,0.2,39,2,True
2020-02-09,SEA,0.03,40,2,True
2020-02-10,SEA,0.0,41,2,False
2020-02-11,SEA,0.0,42,2,False
2020-02-12,SEA,0.03,43,2,True
2020-02-13,SEA,0.0,44,2,False
2020-02-14,SEA,0.1,45,2,True
2020-02-15,SEA,0.07,46,2,True
2020-02-16,SEA,0.056666666666666664,47,2,True
2020-02-17,SEA,0.1366666666666667,48,2,True
2020-02-18,SEA,0.006666666666666667,49,2,True
2020-02-19,SEA,0.06,50,2,True
2020-02-20,SEA,0.20500000000000002,51,2,True
2020-02-21,SEA,0.11,52,2,True
2020-02-22,SEA,0.03,53,2,True
2020-02-23,SEA,0.0,54,2,False
2020-02-24,SEA,0.095,55,2,True
2020-02-25,SEA,0.07,56,2,True
2020-02-26,SEA,0.005,57,2,True
2020-02-27,SEA,0.01,58,2,True
2020-02-28,SEA,0.0,59,2,False
2020-02-29,SEA,0.12,60,2,True
2020-03-01,SEA,0.01,61,3,True
2020-03-02,SEA,0.02,62,3,True
2020-03-03,SEA,0.12,63,3,True
2020-03-04,SEA,0.01,64,3,True
2020-03-05,SEA,0.0,65,3,False
2020-03-06,SEA,0.71,66,3,True
2020-03-07,SEA,0.12,67,3,True
2020-03-08,SEA,0.23,68,3,True
2020-03-09,SEA,0.02,69,3,True
2020-03-10,SEA,0.0,70,3,False
2020-03-11,SEA,0.07,71,3,True
2020-03-12,SEA,0.02,72,3,True
2020-03-13,SEA,0.1,73,3,True
2020-03-14,SEA,0.29,74,3,True
2020-03-15,SEA,0.0,75,3,False
2020-03-16,SEA,0.0,76,3,False
2020-03-17,SEA,0.0,77,3,False
2020-03-18,SEA,0.0,78,3,False
2020-03-19,SEA,0.0,79,3,False
2020-03-20,SEA,0.0,80,3,False
2020-03-21,SEA,0.0,81,3,False
2020-03-22,SEA,0.0,82,3,False
2020-03-23,SEA,0.0,83,3,False
2020-03-24,SEA,0.0,84,3,False
2020-03-25,SEA,0.34,85,3,True
2020-03-26,SEA,0.03,86,3,True
2020-03-27,SEA,0.02,87,3,True
2020-03-28,SEA,0.03,88,3,True
2020-03-29,SEA,0.64,89,3,True
2020-03-30,SEA,0.35,90,3,True
2020-03-31,SEA,0.49,91,3,True
2020-04-01,SEA,0.1,92,4,True
2020-04-02,SEA,0.01,93,4,True
2020-04-03,SEA,0.0,94,4,False
2020-04-04,SEA,0.02,95,4,True
2020-04-05,SEA,0.0,96,4,False
2020-04-06,SEA,0.0,97,4,False
2020-04-07,SEA,0.0,98,4,False
2020-04-08,SEA,0.0,99,4,False
2020-04-09,SEA,0.0,100,4,False
2020-04-10,SEA,0.0,101,4,False
2020-04-11,SEA,0.0,102,4,False
2020-04-12,SEA,0.0,103,4,False
2020-04-13,SEA,0.0,104,4,False
2020-04-14,SEA,0.0,105,4,False
2020-04-15,SEA,0.0,106,4,False
2020-04-16,SEA,0.0,107,4,False
2020-04-17,SEA,0.0,108,4,False
2020-04-18,SEA,0.02,109,4,True
2020-04-19,SEA,0.05,110,4,True
2020-04-20,SEA,0.0,111,4,False
2020-04-21,SEA,0.0,112,4,False
2020-04-22,SEA,0.03,113,4,True
2020-04-23,SEA,0.82,114,4,True
2020-04-24,SEA,0.11,115,4,True
2020-04-25,SEA,0.12,116,4,True
2020-04-26,SEA,0.2,117,4,True
2020-04-27,SEA,0.19,118,4,True
2020-04-28,SEA,0.01,119,4,True
2020-04-29,SEA,0.01,120,4,True
2020-04-30,SEA,0.04,121,4,True
2020-05-01,SEA,0.01,122,5,True
2020-05-02,SEA,0.06,123,5,True
2020-05-03,SEA,0.19,124,5,True
2020-05-04,SEA,0.0,125,5,False
2020-05-05,SEA,0.0,126,5,False
2020-05-06,SEA,0.01,127,5,True
2020-05-07,SEA,0.02,128,5,True
2020-05-08,SEA,0.0,129,5,False
2020-05-09,SEA,0.0,130,5,False
2020-05-10,SEA,0.0,131,5,False
2020-05-11,SEA,0.0,132,5,False
2020-05-12,SEA,0.06,133,5,True
2020-05-13,SEA,0.03,134,5,True
2020-05-14,SEA,0.06,135,5,True
2020-05-15,SEA,0.13,136,5,True
2020-05-16,SEA,0.02,137,5,True
2020-05-17,SEA,0.66,138,5,True
2020-05-18,SEA,0.02,139,5,True
2020-05-19,SEA,0.0,140,5,False
2020-05-20,SEA,0.0,141,5,False
2020-05-21,SEA,0.32,142,5,True
2020-05-22,SEA,0.17,143,5,True
2020-05-23,SEA,0.45,144,5,True
2020-05-24,SEA,0.0,145,5,False
2020-05-25,SEA,0.06,146,5,True
2020-05-26,SEA,0.1,147,5,True
2020-05-27,SEA,0.02,148,5,True
2020-05-28,SEA,0.0,149,5,False
2020-05-29,SEA,0.0,150,5,False
2020-05-30,SEA,0.0,151,5,False
2020-05-31,SEA,1.29,152,5,True
2020-06-01,SEA,0.04,153,6,True
2020-06-02,SEA,0.0,154,6,False
2020-06-03,SEA,0.02,155,6,True
2020-06-04,SEA,0.0,156,6,False
2020-06-05,SEA,0.0,157,6,False
2020-06-06,SEA,0.0,158,6,False
2020-06-07,SEA,0.04,159,6,True
2020-06-08,SEA,0.05,160,6,True
2020-06-09,SEA,0.1,161,6,True
2020-06-10,SEA,0.21,162,6,True
2020-06-11,SEA,0.03,163,6,True
2020-06-12,SEA,0.17,164,6,True
2020-06-13,SEA,0.25,165,6,True
2020-06-14,SEA,0.04,166,6,True
2020-06-15,SEA,0.08,167,6,True
2020-06-16,SEA,0.09,168,6,True
2020-06-17,SEA,0.01,169,6,True
2020-06-18,SEA,0.0,170,6,False
2020-06-19,SEA,0.0,171,6,False
2020-06-20,SEA,0.01,172,6,True
2020-06-21,SEA,0.06,173,6,True
2020-06-22,SEA,0.0,174,6,False
2020-06-23,SEA,0.0,175,6,False
2020-06-24,SEA,0.0,176,6,False
2020-06-25,SEA,0.0,177,6,False
2020-06-26,SEA,0.0,178,6,False
2020-06-27,SEA,0.01,179,6,True
2020-06-28,SEA,0.54,180,6,True
2020-06-29,SEA,0.01,181,6,True
2020-06-30,SEA,0.04,182,6,True
2020-07-01,SEA,0.07,183,7,True
2020-07-02,SEA,0.03,184,7,True
2020-07-03,SEA,0.01,185,7,True
2020-07-04,SEA,0.0,186,7,False
2020-07-05,SEA,0.0,187,7,False
2020-07-06,SEA,0.0,188,7,False
2020-07-07,SEA,0.0,189,7,False
2020-07-08,SEA,0.0,190,7,False
2020-07-09,SEA,0.01,191,7,True
2020-07-10,SEA,0.01,192,7,True
2020-07-11,SEA,0.01,193,7,True
2020-07-12,SEA,0.03,194,7,True
2020-07-13,SEA,0.05,195,7,True
2020-07-14,SEA,0.0,196,7,False
2020-07-15,SEA,0.0,197,7,False
2020-07-16,SEA,0.0,198,7,False
2020-07-17,SEA,0.04,199,7,True
2020-07-18,SEA,0.02,200,7,True
2020-07-19,SEA,0.0,201,7,False
2020-07-20,SEA,0.0,202,7,False
2020-07-21,SEA,0.0,203,7,False
2020-07-22,SEA,0.03,204,7,True
2020-07-23,SEA,0.0,205,7,False
2020-07-24,SEA,0.0,206,7,False
2020-07-25,SEA,0.0,207,7,False
2020-07-26,SEA,0.0,208,7,False
2020-07-27,SEA,0.0,209,7,False
2020-07-28,SEA,0.0,210,7,False
2020-07-29,SEA,0.0,211,7,False
2020-07-30,SEA,0.0,212,7,False
2020-07-31,SEA,0.0,213,7,False
2020-08-01,SEA,0.0,214,8,False
2020-08-02,SEA,0.0,215,8,False
2020-08-03,SEA,0.0,216,8,False
2020-08-04,SEA,0.0,217,8,False
2020-08-05,SEA,0.0,218,8,False
2020-08-06,SEA,0.05,219,8,True
2020-08-07,SEA,0.28,220,8,True
2020-08-08,SEA,0.02,221,8,True
2020-08-09,SEA,0.03,222,8,True
2020-08-10,SEA,0.0,223,8,False
2020-08-11,SEA,0.0,224,8,False
2020-08-12,SEA,0.0,225,8,False
2020-08-13,SEA,0.0,226,8,False
2020-08-14,SEA,0.0,227,8,False
2020-08-15,SEA,0.0,228,8,False
2020-08-16,SEA,0.0,229,8,False
2020-08-17,SEA,0.0,230,8,False
2020-08-18,SEA,0.0,231,8,False
2020-08-19,SEA,0.0,232,8,False
2020-08-20,SEA,0.04,233,8,True
2020-08-21,SEA,0.05,234,8,True
2020-08-22,SEA,0.03,235,8,True
2020-08-23,SEA,0.0,236,8,False
2020-08-24,SEA,0.0,237,8,False
2020-08-25,SEA,0.0,238,8,False
2020-08-26,SEA,0.0,239,8,False
2020-08-27,SEA,0.0,240,8,False
2020-08-28,SEA,0.0,241,8,False
2020-08-29,SEA,0.0,242,8,False
2020-08-30,SEA,0.0,243,8,False
2020-08-31,SEA,0.02,244,8,True
2020-09-01,SEA,0.0,245,9,False
2020-09-02,SEA,0.0,246,9,False
2020-09-03,SEA,0.0,247,9,False
2020-09-04,SEA,0.0,248,9,False
2020-09-05,SEA,0.0,249,9,False
2020-09-06,SEA,0.0,250,9,False
2020-09-07,SEA,0.0,251,9,False
2020-09-08,SEA,0.0,252,9,False
2020-09-09,SEA,0.0,253,9,False
2020-09-10,SEA,0.0,254,9,False
2020-09-11,SEA,0.0,255,9,False
2020-09-12,SEA,0.0,256,9,False
2020-09-13,SEA,0.0,257,9,False
2020-09-14,SEA,0.0,258,9,False
2020-09-15,SEA,0.1,259,9,True
2020-09-16,SEA,0.02,260,9,True
2020-09-17,SEA,0.0,261,9,False
2020-09-18,SEA,0.0,262,9,False
2020-09-19,SEA,0.045,263,9,True
2020-09-20,SEA,0.0,264,9,False
2020-09-21,SEA,0.006666666666666667,265,9,True
2020-09-22,SEA,0.0825,266,9,True
2020-09-23,SEA,0.04,267,9,True
2020-09-24,SEA,0.0,268,9,False
2020-09-25,SEA,0.01,269,9,True
2020-09-26,SEA,0.255,270,9,True
2020-09-27,SEA,0.14250000000000002,271,9,True
2020-09-28,SEA,0.075,272,9,True
2020-09-29,SEA,0.0,273,9,False
2020-09-30,SEA,0.0,274,9,False
2020-10-01,SEA,0.0,275,10,False
2020-10-02,SEA,0.0,276,10,False
2020-10-03,SEA,0.01,277,10,True
2020-10-04,SEA,0.06,278,10,True
2020-10-05,SEA,0.02,279,10,True
2020-10-06,SEA,0.0,280,10,False
2020-10-07,SEA,0.0,281,10,False
2020-10-08,SEA,0.02,282,10,True
2020-10-09,SEA,0.0,283,10,False
2020-10-10,SEA,0.99,284,10,True
2020-10-11,SEA,0.03,285,10,True
2020-10-12,SEA,0.58,286,10,True
2020-10-13,SEA,0.61,287,10,True
2020-10-14,SEA,0.02,288,10,True
2020-10-15,SEA,0.0,289,10,False
2020-10-16,SEA,0.0,290,10,False
2020-10-17,SEA,0.24,291,10,True
2020-10-18,SEA,0.02,292,10,True
2020-10-19,SEA,0.14,293,10,True
2020-10-20,SEA,0.23,294,10,True
2020-10-21,SEA,0.12,295,10,True
2020-10-22,SEA,0.43,296,10,True
2020-10-23,SEA,0.05,297,10,True
2020-10-24,SEA,0.12,298,10,True
2020-10-25,SEA,0.02,299,10,True
2020-10-26,SEA,0.01,300,10,True
2020-10-27,SEA,0.0,301,10,False
2020-10-28,SEA,0.0,302,10,False
2020-10-29,SEA,0.03,303,10,True
2020-10-30,SEA,0.03,304,10,True
2020-10-31,SEA,0.0,305,10,False
2020-11-01,SEA,0.0,306,11,False
2020-11-02,SEA,0.0,307,11,False
2020-11-03,SEA,0.09,308,11,True
2020-11-04,SEA,0.78,309,11,True
2020-11-05,SEA,0.2,310,11,True
2020-11-06,SEA,0.15,311,11,True
2020-11-07,SEA,0.03,312,11,True
2020-11-08,SEA,0.02,313,11,True
2020-11-09,SEA,0.0,314,11,False
2020-11-10,SEA,0.11,315,11,True
2020-11-11,SEA,0.03,316,11,True
2020-11-12,SEA,0.0,317,11,False
2020-11-13,SEA,0.96,318,11,True
2020-11-14,SEA,0.02,319,11,True
2020-11-15,SEA,0.46,320,11,True
2020-11-16,SEA,0.06,321,11,True
2020-11-17,SEA,0.64,322,11,True
2020-11-18,SEA,0.55,323,11,True
2020-11-19,SEA,0.29,324,11,True
2020-11-20,SEA,0.06,325,11,True
2020-11-21,SEA,0.03,326,11,True
2020-11-22,SEA,0.0,327,11,False
2020-11-23,SEA,0.2,328,11,True
2020-11-24,SEA,0.07,329,11,True
2020-11-25,SEA,0.16,330,11,True
2020-11-26,SEA,0.04,331,11,True
2020-11-27,SEA,0.03,332,11,True
2020-11-28,SEA,0.09,333,11,True
2020-11-29,SEA,0.05,334,11,True
2020-11-30,SEA,0.45,335,11,True
2020-12-01,SEA,0.0,336,12,False
2020-12-02,SEA,0.0,337,12,False
2020-12-03,SEA,0.0,338,12,False
2020-12-04,SEA,0.0,339,12,False
2020-12-05,SEA,0.0,340,12,False
2020-12-06,SEA,0.01,341,12,True
2020-12-07,SEA,0.0,342,12,False
2020-12-08,SEA,0.07,343,12,True
2020-12-09,SEA,0.58,344,12,True
2020-12-10,SEA,0.0,345,12,False
2020-12-11,SEA,0.03,346,12,True
2020-12-12,SEA,0.0,347,12,False
2020-12-13,SEA,0.07,348,12,True
2020-12-14,SEA,0.19,349,12,True
2020-12-15,SEA,0.24,350,12,True
2020-12-16,SEA,0.06,351,12,True
2020-12-17,SEA,0.52,352,12,True
2020-12-18,SEA,0.11,353,12,True
2020-12-19,SEA,0.08,354,12,True
2020-12-20,SEA,0.37,355,12,True
2020-12-21,SEA,0.64,356,12,True
2020-12-22,SEA,2.42,357,12,True
2020-12-23,SEA,0.0,358,12,False
2020-12-24,SEA,0.0,359,12,False
2020-12-25,SEA,0.03,360,12,True
2020-12-26,SEA,0.48,361,12,True
2020-12-27,SEA,0.11,362,12,True
2020-12-28,SEA,0.14,363,12,True
2020-12-29,SEA,0.03,364,12,True
2020-12-30,SEA,0.48,365,12,True
2020-12-31,SEA,0.5,366,12,True
2021-01-01,SEA,0.11,1,1,True
2021-01-02,SEA,0.42,2,1,True
2021-01-03,SEA,1.6,3,1,True
2021-01-04,SEA,0.65,4,1,True
2021-01-05,SEA,0.36,5,1,True
2021-01-06,SEA,1.05,6,1,True
2021-01-07,SEA,0.0,7,1,False
2021-01-08,SEA,0.1,8,1,True
2021-01-09,SEA,0.2,9,1,True
2021-01-10,SEA,0.1,10,1,True
2021-01-11,SEA,0.03,11,1,True
2021-01-12,SEA,1.72,12,1,True
2021-01-13,SEA,0.98,13,1,True
2021-01-14,SEA,0.0,14,1,False
2021-01-15,SEA,0.19,15,1,True
2021-01-16,SEA,0.02,16,1,True
2021-01-17,SEA,0.05,17,1,True
2021-01-18,SEA,0.0,18,1,False
2021-01-19,SEA,0.0,19,1,False
2021-01-20,SEA,0.0,20,1,False
2021-01-21,SEA,0.05,21,1,True
2021-01-22,SEA,0.02,22,1,True
2021-01-23,SEA,0.0,23,1,False
2021-01-24,SEA,0.08,24,1,True
2021-01-25,SEA,0.16,25,1,True
2021-01-26,SEA,0.0,26,1,False
2021-01-27,SEA,0.09,27,1,True
2021-01-28,SEA,0.21,28,1,True
2021-01-29,SEA,0.17,29,1,True
2021-01-30,SEA,0.12,30,1,True
2021-01-31,SEA,0.21,31,1,True
2021-02-01,SEA,0.47,32,2,True
2021-02-02,SEA,0.72,33,2,True
2021-02-03,SEA,0.42,34,2,True
2021-02-04,SEA,0.03,35,2,True
2021-02-05,SEA,0.11,36,2,True
2021-02-06,SEA,0.05,37,2,True
2021-02-07,SEA,0.07,38,2,True
2021-02-08,SEA,0.18,39,2,True
2021-02-09,SEA,0.02,40,2,True
2021-02-10,SEA,0.0,41,2,False
2021-02-11,SEA,0.0,42,2,False
2021-02-12,SEA,0.05,43,2,True
2021-02-13,SEA,0.93,44,2,True
2021-02-14,SEA,0.41,45,2,True
2021-02-15,SEA,0.6,46,2,True
2021-02-16,SEA,0.13,47,2,True
2021-02-17,SEA,0.02,48,2,True
2021-02-18,SEA,0.0,49,2,False
2021-02-19,SEA,0.08,50,2,True
2021-02-20,SEA,0.20500000000000002,51,2,True
2021-02-21,SEA,0.11,52,2,True
2021-02-22,SEA,0.03,53,2,True
2021-02-23,SEA,0.0,54,2,False
2021-02-24,SEA,0.19,55,2,True
2021-02-25,SEA,0.14,56,2,True
2021-02-26,SEA,0.01,57,2,True
2021-02-27,SEA,0.14,58,2,True
2021-02-28,SEA,0.02,59,2,True
2021-03-01,SEA,0.0,60,3,False
2021-03-02,SEA,0.01,61,3,True
2021-03-03,SEA,0.11333333333333334,62,3,True
2021-03-04,SEA,0.05333333333333334,63,3,True
2021-03-05,SEA,0.4,64,3,True
2021-03-06,SEA,0.0,65,3,False
2021-03-07,SEA,0.32666666666666666,66,3,True
2021-03-08,SEA,0.08666666666666667,67,3,True
2021-03-09,SEA,0.0,68,3,False
2021-03-10,SEA,0.0,69,3,False
2021-03-11,SEA,0.0,70,3,False
2021-03-12,SEA,0.0,71,3,False
2021-03-13,SEA,0.0,72,3,False
2021-03-14,SEA,0.0,73,3,False
2021-03-15,SEA,0.32,74,3,True
2021-03-16,SEA,0.0,75,3,False
2021-03-17,SEA,0.0,76,3,False
2021-03-18,SEA,0.0,77,3,False
2021-03-19,SEA,0.21,78,3,True
2021-03-20,SEA,0.0,79,3,False
2021-03-21,SEA,0.0,80,3,False
2021-03-22,SEA,0.32,81,3,True
2021-03-23,SEA,0.06,82,3,True
2021-03-24,SEA,0.21,83,3,True
2021-03-25,SEA,0.0,84,3,False
2021-03-26,SEA,0.18333333333333335,85,3,True
2021-03-27,SEA,0.01,86,3,True
2021-03-28,SEA,0.022500000000000003,87,3,True
2021-03-29,SEA,0.34,88,3,True
2021-03-30,SEA,0.01,89,3,True
2021-03-31,SEA,0.15,90,3,True
2021-04-01,SEA,0.125,91,4,True
2021-04-02,SEA,0.09,92,4,True
2021-04-03,SEA,0.0125,93,4,True
2021-04-04,SEA,0.2425,94,4,True
2021-04-05,SEA,0.1375,95,4,True
2021-04-06,SEA,0.0,96,4,False
2021-04-07,SEA,0.0,97,4,False
2021-04-08,SEA,0.13,98,4,True
2021-04-09,SEA,0.0,99,4,False
2021-04-10,SEA,0.02,100,4,True
2021-04-11,SEA,0.0,101,4,False
2021-04-12,SEA,0.0,102,4,False
2021-04-13,SEA,0.0,103,4,False
2021-04-14,SEA,0.0,104,4,False
2021-04-15,SEA,0.0,105,4,False
2021-04-16,SEA,0.0,106,4,False
2021-04-17,SEA,0.0,107,4,False
2021-04-18,SEA,0.0,108,4,False
2021-04-19,SEA,0.0,109,4,False
2021-04-20,SEA,0.0,110,4,False
2021-04-21,SEA,0.0,111,4,False
2021-04-22,SEA,0.0,112,4,False
2021-04-23,SEA,0.0,113,4,False
2021-04-24,SEA,0.08,114,4,True
2021-04-25,SEA,0.5,115,4,True
2021-04-26,SEA,0.15,116,4,True
2021-04-27,SEA,0.01,117,4,True
2021-04-28,SEA,0.0,118,4,False
2021-04-29,SEA,0.0,119,4,False
2021-04-30,SEA,0.1,120,4,True
2021-05-01,SEA,0.03,121,5,True
2021-05-02,SEA,0.01,122,5,True
2021-05-03,SEA,0.0,123,5,False
2021-05-04,SEA,0.29,124,5,True
2021-05-05,SEA,0.0,125,5,False
2021-05-06,SEA,0.0,126,5,False
2021-05-07,SEA,0.0,127,5,False
2021-05-08,SEA,0.17,128,5,True
2021-05-09,SEA,0.01,129,5,True
2021-05-10,SEA,0.0,130,5,False
2021-05-11,SEA,0.0,131,5,False
2021-05-12,SEA,0.0,132,5,False
2021-05-13,SEA,0.0,133,5,False
2021-05-14,SEA,0.0,134,5,False
2021-05-15,SEA,0.0,135,5,False
2021-05-16,SEA,0.0,136,5,False
2021-05-17,SEA,0.0,137,5,False
2021-05-18,SEA,0.05,138,5,True
2021-05-19,SEA,0.12,139,5,True
2021-05-20,SEA,0.01,140,5,True
2021-05-21,SEA,0.0,141,5,False
2021-05-22,SEA,0.0,142,5,False
2021-05-23,SEA,0.0,143,5,False
2021-05-24,SEA,0.07,144,5,True
2021-05-25,SEA,0.04,145,5,True
2021-05-26,SEA,0.01,146,5,True
2021-05-27,SEA,0.17,147,5,True
2021-05-28,SEA,0.19,148,5,True
2021-05-29,SEA,0.0,149,5,False
2021-05-30,SEA,0.0,150,5,False
2021-05-31,SEA,0.0,151,5,False
2021-06-01,SEA,0.0,152,6,False
2021-06-02,SEA,0.0,153,6,False
2021-06-03,SEA,0.0,154,6,False
2021-06-04,SEA,0.0,155,6,False
2021-06-05,SEA,0.05,156,6,True
2021-06-06,SEA,0.0,157,6,False
2021-06-07,SEA,0.73,158,6,True
2021-06-08,SEA,0.0,159,6,False
2021-06-09,SEA,0.0,160,6,False
2021-06-10,SEA,0.0,161,6,False
2021-06-11,SEA,0.0,162,6,False
2021-06-12,SEA,0.34,163,6,True
2021-06-13,SEA,0.34,164,6,True
2021-06-14,SEA,0.6,165,6,True
2021-06-15,SEA,0.07,166,6,True
2021-06-16,SEA,0.0,167,6,False
2021-06-17,SEA,0.0,168,6,False
2021-06-18,SEA,0.0,169,6,False
2021-06-19,SEA,0.0,170,6,False
2021-06-20,SEA,0.0,171,6,False
2021-06-21,SEA,0.0,172,6,False
2021-06-22,SEA,0.0,173,6,False
2021-06-23,SEA,0.0,174,6,False
2021-06-24,SEA,0.0,175,6,False
2021-06-25,SEA,0.0,176,6,False
2021-06-26,SEA,0.0,177,6,False
2021-06-27,SEA,0.0,178,6,False
2021-06-28,SEA,0.0,179,6,False
2021-06-29,SEA,0.0,180,6,False
2021-06-30,SEA,0.0,181,6,False
2021-07-01,SEA,0.0,182,7,False
2021-07-02,SEA,0.0,183,7,False
2021-07-03,SEA,0.0,184,7,False
2021-07-04,SEA,0.0,185,7,False
2021-07-05,SEA,0.0,186,7,False
2021-07-06,SEA,0.0,187,7,False
2021-07-07,SEA,0.0,188,7,False
2021-07-08,SEA,0.0,189,7,False
2021-07-09,SEA,0.0,190,7,False
2021-07-10,SEA,0.0,191,7,False
2021-07-11,SEA,0.0,192,7,False
2021-07-12,SEA,0.0,193,7,False
2021-07-13,SEA,0.0,194,7,False
2021-07-14,SEA,0.0,195,7,False
2021-07-15,SEA,0.0,196,7,False
2021-07-16,SEA,0.0,197,7,False
2021-07-17,SEA,0.0,198,7,False
2021-07-18,SEA,0.0,199,7,False
2021-07-19,SEA,0.0,200,7,False
2021-07-20,SEA,0.02,201,7,True
2021-07-21,SEA,0.0,202,7,False
2021-07-22,SEA,0.0,203,7,False
2021-07-23,SEA,0.0,204,7,False
2021-07-24,SEA,0.0,205,7,False
2021-07-25,SEA,0.0,206,7,False
2021-07-26,SEA,0.0,207,7,False
2021-07-27,SEA,0.0,208,7,False
2021-07-28,SEA,0.0,209,7,False
2021-07-29,SEA,0.0,210,7,False
2021-07-30,SEA,0.0,211,7,False
2021-07-31,SEA,0.0,212,7,False
2021-08-01,SEA,0.0,213,8,False
2021-08-02,SEA,0.0625,214,8,True
2021-08-03,SEA,0.0,215,8,False
2021-08-04,SEA,0.02,216,8,True
2021-08-05,SEA,0.0,217,8,False
2021-08-06,SEA,0.06,218,8,True
2021-08-07,SEA,0.01,219,8,True
2021-08-08,SEA,0.04,220,8,True
2021-08-09,SEA,0.01,221,8,True
2021-08-10,SEA,0.0,222,8,False
2021-08-11,SEA,0.0,223,8,False
2021-08-12,SEA,0.0,224,8,False
2021-08-13,SEA,0.0,225,8,False
2021-08-14,SEA,0.0,226,8,False
2021-08-15,SEA,0.0,227,8,False
2021-08-16,SEA,0.0,228,8,False
2021-08-17,SEA,0.0,229,8,False
2021-08-18,SEA,0.0,230,8,False
2021-08-19,SEA,0.0033333333333333335,231,8,True
2021-08-20,SEA,0.016666666666666666,232,8,True
2021-08-21,SEA,0.013333333333333334,233,8,True
2021-08-22,SEA,0.045,234,8,True
2021-08-23,SEA,0.0075,235,8,True
2021-08-24,SEA,0.0,236,8,False
2021-08-25,SEA,0.0,237,8,False
2021-08-26,SEA,0.0025,238,8,True
2021-08-27,SEA,0.08,239,8,True
2021-08-28,SEA,0.0,240,8,False
2021-08-29,SEA,0.0,241,8,False
2021-08-30,SEA,0.055,242,8,True
2021-08-31,SEA,0.02,243,8,True
2021-09-01,SEA,0.0,244,9,False
2021-09-02,SEA,0.0,245,9,False
2021-09-03,SEA,0.0,246,9,False
2021-09-04,SEA,0.0,247,9,False
2021-09-05,SEA,0.0,248,9,False
2021-09-06,SEA,0.02,249,9,True
2021-09-07,SEA,0.0,250,9,False
2021-09-08,SEA,0.01,251,9,True
2021-09-09,SEA,0.0,252,9,False
2021-09-10,SEA,0.0,253,9,False
2021-09-11,SEA,0.03,254,9,True
2021-09-12,SEA,0.03,255,9,True
2021-09-13,SEA,0.02,256,9,True
2021-09-14,SEA,0.0,257,9,False
2021-09-15,SEA,0.0,258,9,False
2021-09-16,SEA,0.0,259,9,False
2021-09-17,SEA,0.03,260,9,True
2021-09-18,SEA,0.85,261,9,True
2021-09-19,SEA,0.3,262,9,True
2021-09-20,SEA,0.13,263,9,True
2021-09-21,SEA,0.0,264,9,False
2021-09-22,SEA,0.0,265,9,False
2021-09-23,SEA,0.0,266,9,False
2021-09-24,SEA,0.0,267,9,False
2021-09-25,SEA,0.0,268,9,False
2021-09-26,SEA,0.0,269,9,False
2021-09-27,SEA,0.71,270,9,True
2021-09-28,SEA,0.34,271,9,True
2021-09-29,SEA,0.02,272,9,True
2021-09-30,SEA,0.22,273,9,True
2021-10-01,SEA,0.28,274,10,True
2021-10-02,SEA,0.0,275,10,False
2021-10-03,SEA,0.0,276,10,False
2021-10-04,SEA,0.0,277,10,False
2021-10-05,SEA,0.19,278,10,True
2021-10-06,SEA,0.13,279,10,True
2021-10-07,SEA,0.0,280,10,False
2021-10-08,SEA,0.0,281,10,False
2021-10-09,SEA,0.0,282,10,False
2021-10-10,SEA,0.14,283,10,True
2021-10-11,SEA,0.12,284,10,True
2021-10-12,SEA,0.0,285,10,False
2021-10-13,SEA,0.05,286,10,True
2021-10-14,SEA,0.06,287,10,True
2021-10-15,SEA,0.02,288,10,True
2021-10-16,SEA,0.02,289,10,True
2021-10-17,SEA,0.0,290,10,False
2021-10-18,SEA,0.02,291,10,True
2021-10-19,SEA,0.0,292,10,False
2021-10-20,SEA,0.19,293,10,True
2021-10-21,SEA,0.07,294,10,True
2021-10-22,SEA,0.64,295,10,True
2021-10-23,SEA,0.03,296,10,True
2021-10-24,SEA,0.19,297,10,True
2021-10-25,SEA,0.32,298,10,True
2021-10-26,SEA,0.14,299,10,True
2021-10-27,SEA,0.1,300,10,True
2021-10-28,SEA,0.49,301,10,True
2021-10-29,SEA,2.0,302,10,True
2021-10-30,SEA,0.08,303,10,True
2021-10-31,SEA,0.0,304,10,False
2021-11-01,SEA,0.0,305,11,False
2021-11-02,SEA,0.12,306,11,True
2021-11-03,SEA,0.18,307,11,True
2021-11-04,SEA,0.61,308,11,True
2021-11-05,SEA,0.57,309,11,True
2021-11-06,SEA,0.04,310,11,True
2021-11-07,SEA,0.64,311,11,True
2021-11-08,SEA,0.23,312,11,True
2021-11-09,SEA,0.31,313,11,True
2021-11-10,SEA,0.38,314,11,True
2021-11-11,SEA,0.14,315,11,True
2021-11-12,SEA,1.06,316,11,True
2021-11-13,SEA,0.4,317,11,True
2021-11-14,SEA,0.59,318,11,True
2021-11-15,SEA,0.59,319,11,True
2021-11-16,SEA,0.3,320,11,True
2021-11-17,SEA,0.02,321,11,True
2021-11-18,SEA,0.0,322,11,False
2021-11-19,SEA,0.52,323,11,True
2021-11-20,SEA,0.1,324,11,True
2021-11-21,SEA,0.0,325,11,False
2021-11-22,SEA,0.0,326,11,False
2021-11-23,SEA,0.53,327,11,True
2021-11-24,SEA,0.02,328,11,True
2021-11-25,SEA,0.22,329,11,True
2021-11-26,SEA,0.55,330,11,True
2021-11-27,SEA,0.04,331,11,True
2021-11-28,SEA,0.42,332,11,True
2021-11-29,SEA,0.14,333,11,True
2021-11-30,SEA,0.04,334,11,True
2021-12-01,SEA,0.03,335,12,True
2021-12-02,SEA,0.09,336,12,True
2021-12-03,SEA,0.22,337,12,True
2021-12-04,SEA,0.15,338,12,True
2021-12-05,SEA,0.34,339,12,True
2021-12-06,SEA,0.02,340,12,True
2021-12-07,SEA,0.14,341,12,True
2021-12-08,SEA,0.04,342,12,True
2021-12-09,SEA,0.07,343,12,True
2021-12-10,SEA,0.02,344,12,True
2021-12-11,SEA,0.83,345,12,True
2021-12-12,SEA,0.09,346,12,True
2021-12-13,SEA,0.37,347,12,True
2021-12-14,SEA,0.1,348,12,True
2021-12-15,SEA,0.12,349,12,True
2021-12-16,SEA,0.11,350,12,True
2021-12-17,SEA,0.04,351,12,True
2021-12-18,SEA,0.54,352,12,True
2021-12-19,SEA,0.33,353,12,True
2021-12-20,SEA,0.02,354,12,True
2021-12-21,SEA,0.02,355,12,True
2021-12-22,SEA,0.4,356,12,True
2021-12-23,SEA,0.56,357,12,True
2021-12-24,SEA,0.16,358,12,True
2021-12-25,SEA,0.22,359,12,True
2021-12-26,SEA,0.32,360,12,True
2021-12-27,SEA,0.11,361,12,True
2021-12-28,SEA,0.02,362,12,True
2021-12-29,SEA,0.0,363,12,False
2021-12-30,SEA,0.18,364,12,True
2021-12-31,SEA,0.01,365,12,True
2022-01-01,SEA,0.0,1,1,False
2022-01-02,SEA,0.0,2,1,False
2022-01-03,SEA,1.97,3,1,True
2022-01-04,SEA,0.28,4,1,True
2022-01-05,SEA,0.13,5,1,True
2022-01-06,SEA,0.82,6,1,True
2022-01-07,SEA,1.72,7,1,True
2022-01-08,SEA,0.62,8,1,True
2022-01-09,SEA,0.0,9,1,False
2022-01-10,SEA,0.12,10,1,True
2022-01-11,SEA,0.7,11,1,True
2022-01-12,SEA,0.52,12,1,True
2022-01-13,SEA,0.28,13,1,True
2022-01-14,SEA,0.02,14,1,True
2022-01-15,SEA,0.01,15,1,True
2022-01-16,SEA,0.01,16,1,True
2022-01-17,SEA,0.0,17,1,False
2022-01-18,SEA,0.02,18,1,True
2022-01-19,SEA,0.04,19,1,True
2022-01-20,SEA,0.1,20,1,True
2022-01-21,SEA,0.13,21,1,True
2022-01-22,SEA,0.0,22,1,False
2022-01-23,SEA,0.0,23,1,False
2022-01-24,SEA,0.0,24,1,False
2022-01-25,SEA,0.0,25,1,False
2022-01-26,SEA,0.0,26,1,False
2022-01-27,SEA,0.0,27,1,False
2022-01-28,SEA,0.0,28,1,False
2022-01-29,SEA,0.0,29,1,False
2022-01-30,SEA,0.01,30,1,True
2022-01-31,SEA,0.28,31,1,True
2022-02-01,SEA,0.01,32,2,True
2022-02-02,SEA,0.03,33,2,True
2022-02-03,SEA,0.09,34,2,True
2022-02-04,SEA,0.04,35,2,True
2022-02-05,SEA,0.02,36,2,True
2022-02-06,SEA,0.01,37,2,True
2022-02-07,SEA,0.0,38,2,False
2022-02-08,SEA,0.01,39,2,True
2022-02-09,SEA,0.02,40,2,True
2022-02-10,SEA,0.03,41,2,True
2022-02-11,SEA,0.02,42,2,True
2022-02-12,SEA,0.0,43,2,False
2022-02-13,SEA,0.0,44,2,False
2022-02-14,SEA,0.04,45,2,True
2022-02-15,SEA,0.14,46,2,True
2022-02-16,SEA,0.02,47,2,True
2022-02-17,SEA,0.0,48,2,False
2022-02-18,SEA,0.0,49,2,False
2022-02-19,SEA,0.03,50,2,True
2022-02-20,SEA,0.14,51,2,True
2022-02-21,SEA,0.19,52,2,True
2022-02-22,SEA,0.06,53,2,True
2022-02-23,SEA,0.0,54,2,False
2022-02-24,SEA,0.0,55,2,False
2022-02-25,SEA,0.0,56,2,False
2022-02-26,SEA,0.0,57,2,False
2022-02-27,SEA,0.61,58,2,True
2022-02-28,SEA,1.89,59,2,True
2022-03-01,SEA,1.03,60,3,True
2022-03-02,SEA,0.01,61,3,True
2022-03-03,SEA,0.32,62,3,True
2022-03-04,SEA,0.04,63,3,True
2022-03-05,SEA,0.04,64,3,True
2022-03-06,SEA,0.0,65,3,False
2022-03-07,SEA,0.0,66,3,False
2022-03-08,SEA,0.11,67,3,True
2022-03-09,SEA,0.05,68,3,True
2022-03-10,SEA,0.0,69,3,False
2022-03-11,SEA,0.0,70,3,False
2022-03-12,SEA,0.0,71,3,False
2022-03-13,SEA,0.1,72,3,True
2022-03-14,SEA,0.05,73,3,True
2022-03-15,SEA,0.52,74,3,True
2022-03-16,SEA,0.06,75,3,True
2022-03-17,SEA,0.0,76,3,False
2022-03-18,SEA,0.0,77,3,False
2022-03-19,SEA,0.0525,78,3,True
2022-03-20,SEA,0.0,79,3,False
2022-03-21,SEA,0.0,80,3,False
2022-03-22,SEA,0.14250000000000002,81,3,True
2022-03-23,SEA,0.09,82,3,True
2022-03-24,SEA,0.21,83,3,True
2022-03-25,SEA,0.0,84,3,False
2022-03-26,SEA,0.18333333333333335,85,3,True
2022-03-27,SEA,0.01,86,3,True
2022-03-28,SEA,0.0,87,3,False
2022-03-29,SEA,0.0,88,3,False
2022-03-30,SEA,0.0,89,3,False
2022-03-31,SEA,0.25,90,3,True
2022-04-01,SEA,0.0,91,4,False
2022-04-02,SEA,0.1,92,4,True
2022-04-03,SEA,0.02,93,4,True
2022-04-04,SEA,0.88,94,4,True
2022-04-05,SEA,0.08,95,4,True
2022-04-06,SEA,0.01,96,4,True
2022-04-07,SEA,0.0,97,4,False
2022-04-08,SEA,0.05,98,4,True
2022-04-09,SEA,0.01,99,4,True
2022-04-10,SEA,0.48,100,4,True
2022-04-11,SEA,0.07,101,4,True
2022-04-12,SEA,0.0,102,4,False
2022-04-13,SEA,0.0,103,4,False
2022-04-14,SEA,0.0,104,4,False
2022-04-15,SEA,0.02,105,4,True
2022-04-16,SEA,0.0,106,4,False
2022-04-17,SEA,0.14,107,4,True
2022-04-18,SEA,0.08,108,4,True
2022-04-19,SEA,0.31,109,4,True
2022-04-20,SEA,0.01,110,4,True
2022-04-21,SEA,0.18,111,4,True
2022-04-22,SEA,0.38,112,4,True
2022-04-23,SEA,0.02,113,4,True
2022-04-24,SEA,0.0,114,4,False
2022-04-25,SEA,0.16,115,4,True
2022-04-26,SEA,0.01,116,4,True
2022-04-27,SEA,0.03,117,4,True
2022-04-28,SEA,0.02,118,4,True
2022-04-29,SEA,0.0,119,4,False
2022-04-30,SEA,0.36,120,4,True
2022-05-01,SEA,0.05,121,5,True
2022-05-02,SEA,0.3,122,5,True
2022-05-03,SEA,0.12,123,5,True
2022-05-04,SEA,0.01,124,5,True
2022-05-05,SEA,0.04,125,5,True
2022-05-06,SEA,0.34,126,5,True
2022-05-07,SEA,0.55,127,5,True
2022-05-08,SEA,0.04,128,5,True
2022-05-09,SEA,0.01,129,5,True
2022-05-10,SEA,0.03,130,5,True
2022-05-11,SEA,0.01,131,5,True
2022-05-12,SEA,0.05,132,5,True
2022-05-13,SEA,0.48,133,5,True
2022-05-14,SEA,0.11,134,5,True
2022-05-15,SEA,0.1,135,5,True
2022-05-16,SEA,0.66,136,5,True
2022-05-17,SEA,0.02,137,5,True
2022-05-18,SEA,0.17,138,5,True
2022-05-19,SEA,0.1,139,5,True
2022-05-20,SEA,0.0,140,5,False
2022-05-21,SEA,0.0,141,5,False
2022-05-22,SEA,0.0,142,5,False
2022-05-23,SEA,0.0,143,5,False
2022-05-24,SEA,0.0,144,5,False
2022-05-25,SEA,0.03,145,5,True
2022-05-26,SEA,0.0,146,5,False
2022-05-27,SEA,0.12,147,5,True
2022-05-28,SEA,0.03,148,5,True
2022-05-29,SEA,0.34,149,5,True
2022-05-30,SEA,0.39,150,5,True
2022-05-31,SEA,0.08,151,5,True
2022-06-01,SEA,0.0,152,6,False
2022-06-02,SEA,0.04,153,6,True
2022-06-03,SEA,0.21,154,6,True
2022-06-04,SEA,0.11,155,6,True
2022-06-05,SEA,0.61,156,6,True
2022-06-06,SEA,0.28,157,6,True
2022-06-07,SEA,0.0,158,6,False
2022-06-08,SEA,0.01,159,6,True
2022-06-09,SEA,0.08,160,6,True
2022-06-10,SEA,1.07,161,6,True
2022-06-11,SEA,0.13,162,6,True
2022-06-12,SEA,0.07,163,6,True
2022-06-13,SEA,0.25,164,6,True
2022-06-14,SEA,0.1,165,6,True
2022-06-15,SEA,0.0,166,6,False
2022-06-16,SEA,0.03,167,6,True
2022-06-17,SEA,0.01,168,6,True
2022-06-18,SEA,0.14,169,6,True
2022-06-19,SEA,0.04,170,6,True
2022-06-20,SEA,0.0,171,6,False
2022-06-21,SEA,0.0,172,6,False
2022-06-22,SEA,0.03,173,6,True
2022-06-23,SEA,0.03,174,6,True
2022-06-24,SEA,0.0,175,6,False
2022-06-25,SEA,0.0,176,6,False
2022-06-26,SEA,0.0,177,6,False
2022-06-27,SEA,0.0,178,6,False
2022-06-28,SEA,0.0,179,6,False
2022-06-29,SEA,0.0,180,6,False
2022-06-30,SEA,0.0,181,6,False
2022-07-01,SEA,0.0,182,7,False
2022-07-02,SEA,0.0,183,7,False
2022-07-03,SEA,0.02,184,7,True
2022-07-04,SEA,0.12,185,7,True
2022-07-05,SEA,0.05,186,7,True
2022-07-06,SEA,0.06,187,7,True
2022-07-07,SEA,0.04,188,7,True
2022-07-08,SEA,0.0,189,7,False
2022-07-09,SEA,0.0,190,7,False
2022-07-10,SEA,0.0,191,7,False
2022-07-11,SEA,0.0,192,7,False
2022-07-12,SEA,0.0,193,7,False
2022-07-13,SEA,0.0,194,7,False
2022-07-14,SEA,0.0,195,7,False
2022-07-15,SEA,0.0,196,7,False
2022-07-16,SEA,0.0,197,7,False
2022-07-17,SEA,0.0,198,7,False
2022-07-18,SEA,0.02,199,7,True
2022-07-19,SEA,0.0,200,7,False
2022-07-20,SEA,0.0,201,7,False
2022-07-21,SEA,0.0,202,7,False
2022-07-22,SEA,0.0,203,7,False
2022-07-23,SEA,0.0,204,7,False
2022-07-24,SEA,0.0,205,7,False
2022-07-25,SEA,0.0,206,7,False
2022-07-26,SEA,0.0,207,7,False
2022-07-27,SEA,0.0,208,7,False
2022-07-28,SEA,0.0,209,7,False
2022-07-29,SEA,0.0,210,7,False
2022-07-30,SEA,0.0,211,7,False
2022-07-31,SEA,0.0,212,7,False
2022-08-01,SEA,0.0,213,8,False
2022-08-02,SEA,0.0,214,8,False
2022-08-03,SEA,0.0,215,8,False
2022-08-04,SEA,0.0,216,8,False
2022-08-05,SEA,0.07,217,8,True
2022-08-06,SEA,0.0,218,8,False
2022-08-07,SEA,0.0,219,8,False
2022-08-08,SEA,0.0,220,8,False
2022-08-09,SEA,0.0,221,8,False
2022-08-10,SEA,0.01,222,8,True
2022-08-11,SEA,0.05,223,8,True
2022-08-12,SEA,0.0,224,8,False
2022-08-13,SEA,0.0,225,8,False
2022-08-14,SEA,0.0,226,8,False
2022-08-15,SEA,0.0,227,8,False
2022-08-16,SEA,0.0,228,8,False
2022-08-17,SEA,0.0,229,8,False
2022-08-18,SEA,0.0,230,8,False
2022-08-19,SEA,0.01,231,8,True
2022-08-20,SEA,0.05,232,8,True
2022-08-21,SEA,0.0,233,8,False
2022-08-22,SEA,0.0,234,8,False
2022-08-23,SEA,0.0,235,8,False
2022-08-24,SEA,0.0,236,8,False
2022-08-25,SEA,0.0,237,8,False
2022-08-26,SEA,0.0,238,8,False
2022-08-27,SEA,0.05,239,8,True
2022-08-28,SEA,0.0,240,8,False
2022-08-29,SEA,0.0,241,8,False
2022-08-30,SEA,0.0,242,8,False
2022-08-31,SEA,0.0,243,8,False
2022-09-01,SEA,0.0,244,9,False
2022-09-02,SEA,0.0,245,9,False
2022-09-03,SEA,0.02,246,9,True
2022-09-04,SEA,0.03,247,9,True
2022-09-05,SEA,0.02,248,9,True
2022-09-06,SEA,0.0,249,9,False
2022-09-07,SEA,0.0,250,9,False
2022-09-08,SEA,0.0,251,9,False
2022-09-09,SEA,0.0,252,9,False
2022-09-10,SEA,0.0,253,9,False
2022-09-11,SEA,0.0,254,9,False
2022-09-12,SEA,0.0,255,9,False
2022-09-13,SEA,0.0,256,9,False
2022-09-14,SEA,0.0,257,9,False
2022-09-15,SEA,0.0,258,9,False
2022-09-16,SEA,0.0,259,9,False
2022-09-17,SEA,0.0,260,9,False
2022-09-18,SEA,0.0,261,9,False
2022-09-19,SEA,0.0,262,9,False
2022-09-20,SEA,0.0,263,9,False
2022-09-21,SEA,0.0,264,9,False
2022-09-22,SEA,0.0,265,9,False
2022-09-23,SEA,0.0,266,9,False
2022-09-24,SEA,0.0,267,9,False
2022-09-25,SEA,0.0,268,9,False
2022-09-26,SEA,0.0,269,9,False
2022-09-27,SEA,0.0,270,9,False
2022-09-28,SEA,0.0,271,9,False
2022-09-29,SEA,0.03,272,9,True
2022-09-30,SEA,0.0,273,9,False
2022-10-01,SEA,0.0,274,10,False
2022-10-02,SEA,0.0,275,10,False
2022-10-03,SEA,0.0,276,10,False
2022-10-04,SEA,0.0,277,10,False
2022-10-05,SEA,0.01,278,10,True
2022-10-06,SEA,0.0,279,10,False
2022-10-07,SEA,0.0,280,10,False
2022-10-08,SEA,0.0,281,10,False
2022-10-09,SEA,0.0,282,10,False
2022-10-10,SEA,0.0,283,10,False
2022-10-11,SEA,0.0,284,10,False
2022-10-12,SEA,0.0,285,10,False
2022-10-13,SEA,0.0,286,10,False
2022-10-14,SEA,0.0,287,10,False
2022-10-15,SEA,0.0,288,10,False
2022-10-16,SEA,0.0,289,10,False
2022-10-17,SEA,0.0,290,10,False
2022-10-18,SEA,0.0,291,10,False
2022-10-19,SEA,0.0,292,10,False
2022-10-20,SEA,0.0,293,10,False
2022-10-21,SEA,0.0,294,10,False
2022-10-22,SEA,0.42,295,10,True
2022-10-23,SEA,0.27,296,10,True
2022-10-24,SEA,0.1,297,10,True
2022-10-25,SEA,0.11,298,10,True
2022-10-26,SEA,0.41,299,10,True
2022-10-27,SEA,0.01,300,10,True
2022-10-28,SEA,0.58,301,10,True
2022-10-29,SEA,0.02,302,10,True
2022-10-30,SEA,0.02,303,10,True
2022-10-31,SEA,0.9,304,10,True
2022-11-01,SEA,0.02,305,11,True
2022-11-02,SEA,0.28,306,11,True
2022-11-03,SEA,0.23,307,11,True
2022-11-04,SEA,0.37,308,11,True
2022-11-05,SEA,0.02,309,11,True
2022-11-06,SEA,0.9,310,11,True
2022-11-07,SEA,0.21,311,11,True
2022-11-08,SEA,0.25,312,11,True
2022-11-09,SEA,0.01,313,11,True
2022-11-10,SEA,0.0,314,11,False
2022-11-11,SEA,0.0,315,11,False
2022-11-12,SEA,0.0,316,11,False
2022-11-13,SEA,0.0,317,11,False
2022-11-14,SEA,0.0,318,11,False
2022-11-15,SEA,0.0,319,11,False
2022-11-16,SEA,0.0,320,11,False
2022-11-17,SEA,0.0,321,11,False
2022-11-18,SEA,0.0,322,11,False
2022-11-19,SEA,0.0,323,11,False
2022-11-20,SEA,0.0,324,11,False
2022-11-21,SEA,0.01,325,11,True
2022-11-22,SEA,0.17,326,11,True
2022-11-23,SEA,0.98,327,11,True
2022-11-24,SEA,0.0,328,11,False
2022-11-25,SEA,0.22,329,11,True
2022-11-26,SEA,0.7,330,11,True
2022-11-27,SEA,0.26,331,11,True
2022-11-28,SEA,0.07,332,11,True
2022-11-29,SEA,0.02,333,11,True
2022-11-30,SEA,1.26,334,11,True
2022-12-01,SEA,0.07,335,12,True
2022-12-02,SEA,0.0,336,12,False
2022-12-03,SEA,0.72,337,12,True
2022-12-04,SEA,0.0,338,12,False
2022-12-05,SEA,0.2,339,12,True
2022-12-06,SEA,0.01,340,12,True
2022-12-07,SEA,0.04,341,12,True
2022-12-08,SEA,0.29,342,12,True
2022-12-09,SEA,0.1,343,12,True
2022-12-10,SEA,0.9,344,12,True
2022-12-11,SEA,0.29,345,12,True
2022-12-12,SEA,0.07,346,12,True
2022-12-13,SEA,0.05,347,12,True
2022-12-14,SEA,0.01,348,12,True
2022-12-15,SEA,0.0,349,12,False
2022-12-16,SEA,0.0,350,12,False
2022-12-17,SEA,0.01,351,12,True
2022-12-18,SEA,0.06,352,12,True
2022-12-19,SEA,0.08,353,12,True
2022-12-20,SEA,0.25,354,12,True
2022-12-21,SEA,0.31,355,12,True
2022-12-22,SEA,0.03,356,12,True
2022-12-23,SEA,0.27,357,12,True
2022-12-24,SEA,0.52,358,12,True
2022-12-25,SEA,0.86,359,12,True
2022-12-26,SEA,1.37,360,12,True
2022-12-27,SEA,0.78,361,12,True
2022-12-28,SEA,0.4,362,12,True
2022-12-29,SEA,0.03,363,12,True
2022-12-30,SEA,0.62,364,12,True
2022-12-31,SEA,0.17,365,12,True
